id,wbs,name,work_face_id,structure_id,trade_id,thermal_sensitive,discipline,planned_start,planned_finish,duration_h,duration_d,calendar_id,crew_size,quantity,quantity_unit,early_start,early_finish,late_start,late_finish,total_float_d,free_float_d,is_critical,is_near_critical,milestone_date,milestone_name,hold_point,iwp_id
A-1001,FAB2.FAB.01,Layout & survey control — FAB2 L1 slab — bay A1,WF-FAB2-01,FAB2,,false,civil,2026-07-15T07:00:00-07:00,2026-07-16T07:30:00-07:00,10.5,1.05,CAL-6x10,3,,,2026-07-15T07:00:00-07:00,2026-07-16T07:30:00-07:00,2026-07-17T11:18:00-07:00,2026-07-18T11:48:00-07:00,2.43,0.0,false,true,,,,IWP-FAB2-01
A-1002,FAB2.FAB.01,Formwork & rebar placement — FAB2 L1 slab — bay A1,WF-FAB2-01,FAB2,,false,structural,2026-07-16T07:30:00-07:00,2026-07-18T15:36:00-07:00,28.1,2.81,CAL-6x10,9,,,2026-07-16T07:30:00-07:00,2026-07-18T15:36:00-07:00,2026-07-18T11:48:00-07:00,2026-07-22T09:54:00-07:00,2.43,0.0,false,true,,,,IWP-FAB2-01
A-1003,FAB2.FAB.01,Slab pour — FAB2 L1 slab — bay A1,WF-FAB2-01,FAB2,concrete_cip_hot_weather,true,structural,2026-07-18T15:36:00-07:00,2026-07-20T14:24:00-07:00,8.8,0.88,CAL-6x10,12,372.7,m3,2026-07-18T15:36:00-07:00,2026-07-20T14:24:00-07:00,2026-07-22T09:54:00-07:00,2026-07-23T08:42:00-07:00,2.43,0.0,false,true,,,City of Phoenix inspector — reinforcing & embed inspection prior to pour,IWP-FAB2-01
A-1004,FAB2.FAB.01,Slab finish & curing compound — FAB2 L1 slab — bay A1,WF-FAB2-01,FAB2,,false,structural,2026-07-20T14:24:00-07:00,2026-07-22T06:06:00-07:00,11.7,1.17,CAL-6x10,6,,,2026-07-20T14:24:00-07:00,2026-07-22T06:06:00-07:00,2026-07-31T12:06:00-07:00,2026-08-01T13:48:00-07:00,9.77,0.0,false,false,,,,IWP-FAB2-01
A-1005,FAB2.FAB.01,Structural steel erection — FAB2 L1 slab — bay A1,WF-FAB2-01,FAB2,,false,structural,2026-07-27T14:06:00-07:00,2026-08-01T07:24:00-07:00,43.3,4.33,CAL-6x10,10,,,2026-07-27T14:06:00-07:00,2026-08-01T07:24:00-07:00,2026-08-07T11:48:00-07:00,2026-08-12T15:06:00-07:00,9.77,0.0,false,false,,,,IWP-FAB2-01
A-1006,FAB2.FAB.01,Deck weld & shear stud installation — FAB2 L1 slab — bay A1,WF-FAB2-01,FAB2,structural_welding_preheat,true,structural,2026-08-01T07:24:00-07:00,2026-08-01T15:30:00-07:00,8.1,0.81,CAL-6x10,4,181.9,ea,2026-08-01T07:24:00-07:00,2026-08-01T15:30:00-07:00,2026-08-12T15:06:00-07:00,2026-08-13T13:12:00-07:00,9.77,0.0,false,false,,,,IWP-FAB2-01
A-1007,FAB2.FAB.01,Adhesive anchor installation — FAB2 L1 slab — bay A1,WF-FAB2-01,FAB2,adhesive_anchor_epoxy,true,structural,2026-08-01T15:30:00-07:00,2026-08-03T11:06:00-07:00,5.6,0.56,CAL-6x10,3,467.6,ea,2026-08-01T15:30:00-07:00,2026-08-03T11:06:00-07:00,2026-08-13T13:12:00-07:00,2026-08-14T08:48:00-07:00,9.77,0.0,false,false,,,,IWP-FAB2-01
A-1008,FAB2.FAB.01,Spray-applied fireproofing — FAB2 L1 slab — bay A1,WF-FAB2-01,FAB2,sfrm_spray_applied_fireproofing,true,structural,2026-08-04T09:06:00-07:00,2026-08-05T09:00:00-07:00,9.9,0.99,CAL-6x10,6,3055.1,m2,2026-08-04T09:06:00-07:00,2026-08-05T09:00:00-07:00,2026-08-15T06:48:00-07:00,2026-08-17T06:42:00-07:00,9.77,0.0,false,false,,,,IWP-FAB2-01
A-1009,FAB2.FAB.01,Structural steel high-build coating — FAB2 L1 slab — bay A1,WF-FAB2-01,FAB2,coating_epoxy_structural_steel,true,structural,2026-08-07T13:00:00-07:00,2026-08-08T09:12:00-07:00,6.2,0.62,CAL-6x10,5,4346.2,m2,2026-08-07T13:00:00-07:00,2026-08-08T09:12:00-07:00,2027-01-11T10:54:00-07:00,2027-01-12T07:06:00-07:00,127.79,0.0,false,false,,,,IWP-FAB2-01
A-1010,FAB2.FAB.01,MEP hanger & rough-in — FAB2 L1 slab — bay A1,WF-FAB2-01,FAB2,,false,mechanical,2026-08-08T09:12:00-07:00,2026-08-11T15:30:00-07:00,26.3,2.63,CAL-6x10,8,,,2026-08-08T09:12:00-07:00,2026-08-11T15:30:00-07:00,2027-01-12T07:06:00-07:00,2027-01-14T13:24:00-07:00,127.79,127.79,false,false,,,,IWP-FAB2-01
A-1011,FAB2.FAB.02,Layout & survey control — FAB2 L1 slab — bay B1,WF-FAB2-02,FAB2,,false,civil,2026-07-16T08:00:00-07:00,2026-07-17T09:18:00-07:00,11.3,1.13,CAL-6x10,3,,,2026-07-16T08:00:00-07:00,2026-07-17T09:18:00-07:00,2026-07-17T10:00:00-07:00,2026-07-18T11:18:00-07:00,1.2,0.0,false,true,,,,IWP-FAB2-02
A-1012,FAB2.FAB.02,Formwork & rebar placement — FAB2 L1 slab — bay B1,WF-FAB2-02,FAB2,,false,structural,2026-07-17T09:18:00-07:00,2026-07-21T12:18:00-07:00,33.0,3.3,CAL-6x10,9,,,2026-07-17T09:18:00-07:00,2026-07-21T12:18:00-07:00,2026-07-18T11:18:00-07:00,2026-07-22T14:18:00-07:00,1.2,0.0,false,true,,,,IWP-FAB2-02
A-1013,FAB2.FAB.02,Slab pour — FAB2 L1 slab — bay B1,WF-FAB2-02,FAB2,concrete_cip_hot_weather,true,structural,2026-07-21T12:18:00-07:00,2026-07-22T11:48:00-07:00,9.5,0.95,CAL-6x10,12,402.8,m3,2026-07-21T12:18:00-07:00,2026-07-22T11:48:00-07:00,2026-07-22T14:18:00-07:00,2026-07-23T13:48:00-07:00,1.2,0.0,false,true,,,,IWP-FAB2-02
A-1014,FAB2.FAB.02,Slab finish & curing compound — FAB2 L1 slab — bay B1,WF-FAB2-02,FAB2,,false,structural,2026-07-22T11:48:00-07:00,2026-07-23T11:42:00-07:00,9.9,0.99,CAL-6x10,6,,,2026-07-22T11:48:00-07:00,2026-07-23T11:42:00-07:00,2026-08-01T14:48:00-07:00,2026-08-03T14:42:00-07:00,9.3,0.0,false,false,,,,IWP-FAB2-02
A-1015,FAB2.FAB.02,Structural steel erection — FAB2 L1 slab — bay B1,WF-FAB2-02,FAB2,,false,structural,2026-07-29T09:42:00-07:00,2026-08-03T11:48:00-07:00,42.1,4.21,CAL-6x10,10,,,2026-07-29T09:42:00-07:00,2026-08-03T11:48:00-07:00,2026-08-08T12:42:00-07:00,2026-08-13T14:48:00-07:00,9.3,0.0,false,false,,,,IWP-FAB2-02
A-1016,FAB2.FAB.02,Deck weld & shear stud installation — FAB2 L1 slab — bay B1,WF-FAB2-02,FAB2,structural_welding_preheat,true,structural,2026-08-03T11:48:00-07:00,2026-08-04T09:54:00-07:00,8.1,0.81,CAL-6x10,4,183.2,ea,2026-08-03T11:48:00-07:00,2026-08-04T09:54:00-07:00,2026-08-13T14:48:00-07:00,2026-08-14T12:54:00-07:00,9.3,0.0,false,false,,,,IWP-FAB2-02
A-1017,FAB2.FAB.02,Adhesive anchor installation — FAB2 L1 slab — bay B1,WF-FAB2-02,FAB2,adhesive_anchor_epoxy,true,structural,2026-08-04T09:54:00-07:00,2026-08-04T15:48:00-07:00,5.9,0.59,CAL-6x10,3,496.8,ea,2026-08-04T09:54:00-07:00,2026-08-04T15:48:00-07:00,2026-08-14T12:54:00-07:00,2026-08-15T08:48:00-07:00,9.3,0.0,false,false,,,,IWP-FAB2-02
A-1018,FAB2.FAB.02,Spray-applied fireproofing — FAB2 L1 slab — bay B1,WF-FAB2-02,FAB2,sfrm_spray_applied_fireproofing,true,structural,2026-08-05T13:48:00-07:00,2026-08-06T14:54:00-07:00,11.1,1.11,CAL-6x10,6,3427.0,m2,2026-08-05T13:48:00-07:00,2026-08-06T14:54:00-07:00,2026-08-17T06:48:00-07:00,2026-08-18T07:54:00-07:00,9.3,0.0,false,false,,,,IWP-FAB2-02
A-1019,FAB2.FAB.02,Structural steel high-build coating — FAB2 L1 slab — bay B1,WF-FAB2-02,FAB2,coating_epoxy_structural_steel,true,structural,2026-08-10T08:54:00-07:00,2026-08-10T15:18:00-07:00,6.4,0.64,CAL-6x10,5,4448.9,m2,2026-08-10T08:54:00-07:00,2026-08-10T15:18:00-07:00,2027-01-09T15:24:00-07:00,2027-01-11T11:48:00-07:00,125.65,0.0,false,false,,,,IWP-FAB2-02
A-1020,FAB2.FAB.02,MEP hanger & rough-in — FAB2 L1 slab — bay B1,WF-FAB2-02,FAB2,,false,mechanical,2026-08-10T15:18:00-07:00,2026-08-14T06:54:00-07:00,31.6,3.16,CAL-6x10,8,,,2026-08-10T15:18:00-07:00,2026-08-14T06:54:00-07:00,2027-01-11T11:48:00-07:00,2027-01-14T13:24:00-07:00,125.65,125.65,false,false,,,,IWP-FAB2-02
A-1021,FAB2.FAB.03,Layout & survey control — FAB2 L1 slab — bay C1,WF-FAB2-03,FAB2,,false,civil,2026-07-16T13:00:00-07:00,2026-07-17T13:18:00-07:00,10.3,1.03,CAL-6x10,3,,,2026-07-16T13:00:00-07:00,2026-07-17T13:18:00-07:00,2026-07-18T12:18:00-07:00,2026-07-20T12:36:00-07:00,1.93,0.0,false,true,,,,IWP-FAB2-03
A-1022,FAB2.FAB.03,Formwork & rebar placement — FAB2 L1 slab — bay C1,WF-FAB2-03,FAB2,,false,structural,2026-07-17T13:18:00-07:00,2026-07-21T13:00:00-07:00,29.7,2.97,CAL-6x10,9,,,2026-07-17T13:18:00-07:00,2026-07-21T13:00:00-07:00,2026-07-20T12:36:00-07:00,2026-07-23T12:18:00-07:00,1.93,0.0,false,true,,,,IWP-FAB2-03
A-1023,FAB2.FAB.03,Slab pour — FAB2 L1 slab — bay C1,WF-FAB2-03,FAB2,concrete_cip_hot_weather,true,structural,2026-07-21T13:00:00-07:00,2026-07-22T11:00:00-07:00,8.0,0.8,CAL-6x10,12,340.4,m3,2026-07-21T13:00:00-07:00,2026-07-22T11:00:00-07:00,2026-07-23T12:18:00-07:00,2026-07-24T10:18:00-07:00,1.93,0.0,false,true,,,City of Phoenix inspector — reinforcing & embed inspection prior to pour,IWP-FAB2-03
A-1024,FAB2.FAB.03,Slab finish & curing compound — FAB2 L1 slab — bay C1,WF-FAB2-03,FAB2,,false,structural,2026-07-22T11:00:00-07:00,2026-07-23T09:42:00-07:00,8.7,0.87,CAL-6x10,6,,,2026-07-22T11:00:00-07:00,2026-07-23T09:42:00-07:00,2026-08-03T13:24:00-07:00,2026-08-04T12:06:00-07:00,10.24,0.0,false,false,,,,IWP-FAB2-03
A-1025,FAB2.FAB.03,Structural steel erection — FAB2 L1 slab — bay C1,WF-FAB2-03,FAB2,,false,structural,2026-07-29T07:42:00-07:00,2026-08-03T13:18:00-07:00,45.6,4.56,CAL-6x10,10,,,2026-07-29T07:42:00-07:00,2026-08-03T13:18:00-07:00,2026-08-10T10:06:00-07:00,2026-08-14T15:42:00-07:00,10.24,0.0,false,false,,,,IWP-FAB2-03
A-1026,FAB2.FAB.03,Deck weld & shear stud installation — FAB2 L1 slab — bay C1,WF-FAB2-03,FAB2,structural_welding_preheat,true,structural,2026-08-03T13:18:00-07:00,2026-08-04T11:00:00-07:00,7.7,0.77,CAL-6x10,4,172.6,ea,2026-08-03T13:18:00-07:00,2026-08-04T11:00:00-07:00,2026-08-14T15:42:00-07:00,2026-08-15T13:24:00-07:00,10.24,0.0,false,false,,,,IWP-FAB2-03
A-1027,FAB2.FAB.03,Adhesive anchor installation — FAB2 L1 slab — bay C1,WF-FAB2-03,FAB2,adhesive_anchor_epoxy,true,structural,2026-08-04T11:00:00-07:00,2026-08-05T06:24:00-07:00,5.4,0.54,CAL-6x10,3,451.5,ea,2026-08-04T11:00:00-07:00,2026-08-05T06:24:00-07:00,2026-08-15T13:24:00-07:00,2026-08-17T08:48:00-07:00,10.24,0.94,false,false,,,,IWP-FAB2-03
A-1028,FAB2.FAB.03,Spray-applied fireproofing — FAB2 L1 slab — bay C1,WF-FAB2-03,FAB2,sfrm_spray_applied_fireproofing,true,structural,2026-08-06T13:48:00-07:00,2026-08-07T13:48:00-07:00,10.0,1.0,CAL-6x10,6,3099.7,m2,2026-08-06T13:48:00-07:00,2026-08-07T13:48:00-07:00,2026-08-18T06:48:00-07:00,2026-08-19T06:48:00-07:00,9.3,0.0,false,false,,,Special inspector — SFRM thickness & density verification,IWP-FAB2-03
A-1029,FAB2.FAB.03,Structural steel high-build coating — FAB2 L1 slab — bay C1,WF-FAB2-03,FAB2,coating_epoxy_structural_steel,true,structural,2026-08-11T07:48:00-07:00,2026-08-11T13:30:00-07:00,5.7,0.57,CAL-6x10,5,3992.0,m2,2026-08-11T07:48:00-07:00,2026-08-11T13:30:00-07:00,2027-01-09T12:30:00-07:00,2027-01-11T08:12:00-07:00,124.47,0.0,false,false,,,,IWP-FAB2-03
A-1030,FAB2.FAB.03,MEP hanger & rough-in — FAB2 L1 slab — bay C1,WF-FAB2-03,FAB2,,false,mechanical,2026-08-11T13:30:00-07:00,2026-08-15T08:42:00-07:00,35.2,3.52,CAL-6x10,8,,,2026-08-11T13:30:00-07:00,2026-08-15T08:42:00-07:00,2027-01-11T08:12:00-07:00,2027-01-14T13:24:00-07:00,124.47,124.47,false,false,,,,IWP-FAB2-03
A-1031,FAB2.FAB.04,Layout & survey control — FAB2 L1 slab — bay D1,WF-FAB2-04,FAB2,,false,civil,2026-07-17T08:00:00-07:00,2026-07-18T09:18:00-07:00,11.3,1.13,CAL-6x10,3,,,2026-07-17T08:00:00-07:00,2026-07-18T09:18:00-07:00,2026-07-20T11:42:00-07:00,2026-07-21T13:00:00-07:00,2.37,0.0,false,true,,,,IWP-FAB2-04
A-1032,FAB2.FAB.04,Formwork & rebar placement — FAB2 L1 slab — bay D1,WF-FAB2-04,FAB2,,false,structural,2026-07-18T09:18:00-07:00,2026-07-22T11:12:00-07:00,31.9,3.19,CAL-6x10,9,,,2026-07-18T09:18:00-07:00,2026-07-22T11:12:00-07:00,2026-07-21T13:00:00-07:00,2026-07-24T14:54:00-07:00,2.37,0.0,false,true,,,,IWP-FAB2-04
A-1033,FAB2.FAB.04,Slab pour — FAB2 L1 slab — bay D1,WF-FAB2-04,FAB2,concrete_cip_hot_weather,true,structural,2026-07-22T11:12:00-07:00,2026-07-23T09:54:00-07:00,8.7,0.87,CAL-6x10,12,370.7,m3,2026-07-22T11:12:00-07:00,2026-07-23T09:54:00-07:00,2026-07-24T14:54:00-07:00,2026-07-25T13:36:00-07:00,2.37,0.0,false,true,,,City of Phoenix inspector — reinforcing & embed inspection prior to pour,IWP-FAB2-04
A-1034,FAB2.FAB.04,Slab finish & curing compound — FAB2 L1 slab — bay D1,WF-FAB2-04,FAB2,,false,structural,2026-07-23T09:54:00-07:00,2026-07-24T11:18:00-07:00,11.4,1.14,CAL-6x10,6,,,2026-07-23T09:54:00-07:00,2026-07-24T11:18:00-07:00,2026-08-05T08:24:00-07:00,2026-08-06T09:48:00-07:00,10.85,0.0,false,false,,,,IWP-FAB2-04
A-1035,FAB2.FAB.04,Structural steel erection — FAB2 L1 slab — bay D1,WF-FAB2-04,FAB2,,false,structural,2026-07-30T09:18:00-07:00,2026-08-04T07:42:00-07:00,38.4,3.84,CAL-6x10,10,,,2026-07-30T09:18:00-07:00,2026-08-04T07:42:00-07:00,2026-08-12T07:48:00-07:00,2026-08-17T06:12:00-07:00,10.85,0.0,false,false,,,,IWP-FAB2-04
A-1036,FAB2.FAB.04,Deck weld & shear stud installation — FAB2 L1 slab — bay D1,WF-FAB2-04,FAB2,structural_welding_preheat,true,structural,2026-08-04T07:42:00-07:00,2026-08-04T15:42:00-07:00,8.0,0.8,CAL-6x10,4,180.5,ea,2026-08-04T07:42:00-07:00,2026-08-04T15:42:00-07:00,2026-08-17T06:12:00-07:00,2026-08-17T14:12:00-07:00,10.85,0.0,false,false,,,,IWP-FAB2-04
A-1037,FAB2.FAB.04,Adhesive anchor installation — FAB2 L1 slab — bay D1,WF-FAB2-04,FAB2,adhesive_anchor_epoxy,true,structural,2026-08-04T15:42:00-07:00,2026-08-05T10:18:00-07:00,4.6,0.46,CAL-6x10,3,387.9,ea,2026-08-04T15:42:00-07:00,2026-08-05T10:18:00-07:00,2026-08-17T14:12:00-07:00,2026-08-18T08:48:00-07:00,10.85,1.55,false,false,,,,IWP-FAB2-04
A-1038,FAB2.FAB.04,Spray-applied fireproofing — FAB2 L1 slab — bay D1,WF-FAB2-04,FAB2,sfrm_spray_applied_fireproofing,true,structural,2026-08-07T13:48:00-07:00,2026-08-08T13:18:00-07:00,9.5,0.95,CAL-6x10,6,2952.0,m2,2026-08-07T13:48:00-07:00,2026-08-08T13:18:00-07:00,2026-08-19T06:48:00-07:00,2026-08-20T06:18:00-07:00,9.3,0.0,false,false,,,,IWP-FAB2-04
A-1039,FAB2.FAB.04,Structural steel high-build coating — FAB2 L1 slab — bay D1,WF-FAB2-04,FAB2,coating_epoxy_structural_steel,true,structural,2026-08-12T07:18:00-07:00,2026-08-12T14:18:00-07:00,7.0,0.7,CAL-6x10,5,4915.6,m2,2026-08-12T07:18:00-07:00,2026-08-12T14:18:00-07:00,2027-01-11T07:54:00-07:00,2027-01-11T14:54:00-07:00,124.06,0.0,false,false,,,,IWP-FAB2-04
A-1040,FAB2.FAB.04,MEP hanger & rough-in — FAB2 L1 slab — bay D1,WF-FAB2-04,FAB2,,false,mechanical,2026-08-12T14:18:00-07:00,2026-08-15T12:48:00-07:00,28.5,2.85,CAL-6x10,8,,,2026-08-12T14:18:00-07:00,2026-08-15T12:48:00-07:00,2027-01-11T14:54:00-07:00,2027-01-14T13:24:00-07:00,124.06,124.06,false,false,,,,IWP-FAB2-04
A-1041,FAB2.FAB.05,Layout & survey control — FAB2 L2 deck — bay A2,WF-FAB2-05,FAB2,,false,civil,2026-07-29T06:24:00-07:00,2026-07-30T07:00:00-07:00,10.6,1.06,CAL-6x10,3,,,2026-07-29T06:24:00-07:00,2026-07-30T07:00:00-07:00,2026-07-31T10:42:00-07:00,2026-08-01T11:18:00-07:00,2.43,0.0,false,true,,,,IWP-FAB2-05
A-1042,FAB2.FAB.05,Formwork & rebar placement — FAB2 L2 deck — bay A2,WF-FAB2-05,FAB2,,false,structural,2026-07-30T07:00:00-07:00,2026-08-03T11:18:00-07:00,34.3,3.43,CAL-6x10,9,,,2026-07-30T07:00:00-07:00,2026-08-03T11:18:00-07:00,2026-08-01T11:18:00-07:00,2026-08-05T15:36:00-07:00,2.43,0.0,false,true,,,,IWP-FAB2-05
A-1043,FAB2.FAB.05,Slab pour — FAB2 L2 deck — bay A2,WF-FAB2-05,FAB2,concrete_cip_hot_weather,true,structural,2026-08-03T11:18:00-07:00,2026-08-04T08:24:00-07:00,7.1,0.71,CAL-6x10,12,303.0,m3,2026-08-03T11:18:00-07:00,2026-08-04T08:24:00-07:00,2026-08-05T15:36:00-07:00,2026-08-06T12:42:00-07:00,2.43,0.0,false,true,,,,IWP-FAB2-05
A-1044,FAB2.FAB.05,Slab finish & curing compound — FAB2 L2 deck — bay A2,WF-FAB2-05,FAB2,,false,structural,2026-08-04T08:24:00-07:00,2026-08-05T08:00:00-07:00,9.6,0.96,CAL-6x10,6,,,2026-08-04T08:24:00-07:00,2026-08-05T08:00:00-07:00,2026-08-06T12:42:00-07:00,2026-08-07T12:18:00-07:00,2.43,0.0,false,true,,,,IWP-FAB2-05
A-1045,FAB2.FAB.05,Structural steel erection — FAB2 L2 deck — bay A2,WF-FAB2-05,FAB2,,false,structural,2026-08-11T06:00:00-07:00,2026-08-14T11:12:00-07:00,35.2,3.52,CAL-6x10,10,,,2026-08-11T06:00:00-07:00,2026-08-14T11:12:00-07:00,2026-08-13T10:18:00-07:00,2026-08-17T15:30:00-07:00,2.43,0.0,false,true,,,,IWP-FAB2-05
A-1046,FAB2.FAB.05,Deck weld & shear stud installation — FAB2 L2 deck — bay A2,WF-FAB2-05,FAB2,structural_welding_preheat,true,structural,2026-08-14T11:12:00-07:00,2026-08-15T10:12:00-07:00,9.0,0.9,CAL-6x10,4,202.2,ea,2026-08-14T11:12:00-07:00,2026-08-15T10:12:00-07:00,2026-08-17T15:30:00-07:00,2026-08-18T14:30:00-07:00,2.43,0.0,false,true,,,,IWP-FAB2-05
A-1047,FAB2.FAB.05,Adhesive anchor installation — FAB2 L2 deck — bay A2,WF-FAB2-05,FAB2,adhesive_anchor_epoxy,true,structural,2026-08-15T10:12:00-07:00,2026-08-15T14:30:00-07:00,4.3,0.43,CAL-6x10,3,363.9,ea,2026-08-15T10:12:00-07:00,2026-08-15T14:30:00-07:00,2026-08-18T14:30:00-07:00,2026-08-19T08:48:00-07:00,2.43,0.0,false,true,,,,IWP-FAB2-05
A-1048,FAB2.FAB.05,Spray-applied fireproofing — FAB2 L2 deck — bay A2,WF-FAB2-05,FAB2,sfrm_spray_applied_fireproofing,true,structural,2026-08-17T12:30:00-07:00,2026-08-18T12:24:00-07:00,9.9,0.99,CAL-6x10,6,3073.1,m2,2026-08-17T12:30:00-07:00,2026-08-18T12:24:00-07:00,2026-08-20T06:48:00-07:00,2026-08-21T06:42:00-07:00,2.43,0.0,false,true,,,,IWP-FAB2-05
A-1049,FAB2.FAB.05,Structural steel high-build coating — FAB2 L2 deck — bay A2,WF-FAB2-05,FAB2,coating_epoxy_structural_steel,true,structural,2026-08-21T06:24:00-07:00,2026-08-21T13:06:00-07:00,6.7,0.67,CAL-6x10,5,4673.5,m2,2026-08-21T06:24:00-07:00,2026-08-21T13:06:00-07:00,2027-01-09T16:00:00-07:00,2027-01-11T12:42:00-07:00,115.96,0.0,false,false,,,,IWP-FAB2-05
A-1050,FAB2.FAB.05,MEP hanger & rough-in — FAB2 L2 deck — bay A2,WF-FAB2-05,FAB2,,false,mechanical,2026-08-21T13:06:00-07:00,2026-08-25T13:48:00-07:00,30.7,3.07,CAL-6x10,8,,,2026-08-21T13:06:00-07:00,2026-08-25T13:48:00-07:00,2027-01-11T12:42:00-07:00,2027-01-14T13:24:00-07:00,115.96,115.96,false,false,,,,IWP-FAB2-05
A-1051,FAB2.FAB.06,Layout & survey control — FAB2 L2 deck — bay B2,WF-FAB2-06,FAB2,,false,civil,2026-07-30T13:48:00-07:00,2026-07-31T15:24:00-07:00,11.6,1.16,CAL-6x10,3,,,2026-07-30T13:48:00-07:00,2026-07-31T15:24:00-07:00,2026-07-31T15:48:00-07:00,2026-08-03T07:24:00-07:00,1.2,0.0,false,true,,,,IWP-FAB2-06
A-1052,FAB2.FAB.06,Formwork & rebar placement — FAB2 L2 deck — bay B2,WF-FAB2-06,FAB2,,false,structural,2026-07-31T15:24:00-07:00,2026-08-05T07:06:00-07:00,31.7,3.17,CAL-6x10,9,,,2026-07-31T15:24:00-07:00,2026-08-05T07:06:00-07:00,2026-08-03T07:24:00-07:00,2026-08-06T09:06:00-07:00,1.2,0.0,false,true,,,,IWP-FAB2-06
A-1053,FAB2.FAB.06,Slab pour — FAB2 L2 deck — bay B2,WF-FAB2-06,FAB2,concrete_cip_hot_weather,true,structural,2026-08-05T07:06:00-07:00,2026-08-06T06:00:00-07:00,8.9,0.89,CAL-6x10,12,378.3,m3,2026-08-05T07:06:00-07:00,2026-08-06T06:00:00-07:00,2026-08-06T09:06:00-07:00,2026-08-07T08:00:00-07:00,1.2,0.0,false,true,,,,IWP-FAB2-06
A-1054,FAB2.FAB.06,Slab finish & curing compound — FAB2 L2 deck — bay B2,WF-FAB2-06,FAB2,,false,structural,2026-08-06T06:00:00-07:00,2026-08-06T14:36:00-07:00,8.6,0.86,CAL-6x10,6,,,2026-08-06T06:00:00-07:00,2026-08-06T14:36:00-07:00,2026-08-07T08:00:00-07:00,2026-08-08T06:36:00-07:00,1.2,0.0,false,true,,,,IWP-FAB2-06
A-1055,FAB2.FAB.06,Structural steel erection — FAB2 L2 deck — bay B2,WF-FAB2-06,FAB2,,false,structural,2026-08-12T12:36:00-07:00,2026-08-17T12:48:00-07:00,40.2,4.02,CAL-6x10,10,,,2026-08-12T12:36:00-07:00,2026-08-17T12:48:00-07:00,2026-08-13T14:36:00-07:00,2026-08-18T14:48:00-07:00,1.2,0.0,false,true,,,,IWP-FAB2-06
A-1056,FAB2.FAB.06,Deck weld & shear stud installation — FAB2 L2 deck — bay B2,WF-FAB2-06,FAB2,structural_welding_preheat,true,structural,2026-08-17T12:48:00-07:00,2026-08-18T11:36:00-07:00,8.8,0.88,CAL-6x10,4,198.6,ea,2026-08-17T12:48:00-07:00,2026-08-18T11:36:00-07:00,2026-08-18T14:48:00-07:00,2026-08-19T13:36:00-07:00,1.2,0.0,false,true,,,,IWP-FAB2-06
A-1057,FAB2.FAB.06,Adhesive anchor installation — FAB2 L2 deck — bay B2,WF-FAB2-06,FAB2,adhesive_anchor_epoxy,true,structural,2026-08-18T11:36:00-07:00,2026-08-19T06:48:00-07:00,5.2,0.52,CAL-6x10,3,438.0,ea,2026-08-18T11:36:00-07:00,2026-08-19T06:48:00-07:00,2026-08-19T13:36:00-07:00,2026-08-20T08:48:00-07:00,1.2,0.0,false,true,,,,IWP-FAB2-06
A-1058,FAB2.FAB.06,Spray-applied fireproofing — FAB2 L2 deck — bay B2,WF-FAB2-06,FAB2,sfrm_spray_applied_fireproofing,true,structural,2026-08-19T14:48:00-07:00,2026-08-21T06:18:00-07:00,11.5,1.15,CAL-6x10,6,3550.8,m2,2026-08-19T14:48:00-07:00,2026-08-21T06:18:00-07:00,2026-08-21T06:48:00-07:00,2026-08-22T08:18:00-07:00,1.2,0.0,false,true,,,,IWP-FAB2-06
A-1059,FAB2.FAB.06,Structural steel high-build coating — FAB2 L2 deck — bay B2,WF-FAB2-06,FAB2,coating_epoxy_structural_steel,true,structural,2026-08-24T10:18:00-07:00,2026-08-25T07:18:00-07:00,7.0,0.7,CAL-6x10,5,4878.4,m2,2026-08-24T10:18:00-07:00,2026-08-25T07:18:00-07:00,2027-01-09T11:54:00-07:00,2027-01-11T08:54:00-07:00,113.16,0.0,false,false,,,,IWP-FAB2-06
A-1060,FAB2.FAB.06,MEP hanger & rough-in — FAB2 L2 deck — bay B2,WF-FAB2-06,FAB2,,false,mechanical,2026-08-25T07:18:00-07:00,2026-08-28T11:48:00-07:00,34.5,3.45,CAL-6x10,8,,,2026-08-25T07:18:00-07:00,2026-08-28T11:48:00-07:00,2027-01-11T08:54:00-07:00,2027-01-14T13:24:00-07:00,113.16,113.16,false,false,,,,IWP-FAB2-06
A-1061,FAB2.FAB.07,Layout & survey control — FAB2 L2 deck — bay C2,WF-FAB2-07,FAB2,,false,civil,2026-07-30T13:00:00-07:00,2026-07-31T11:54:00-07:00,8.9,0.89,CAL-6x10,3,,,2026-07-30T13:00:00-07:00,2026-07-31T11:54:00-07:00,2026-08-01T12:18:00-07:00,2026-08-03T11:12:00-07:00,1.93,0.0,false,true,,,,IWP-FAB2-07
A-1062,FAB2.FAB.07,Formwork & rebar placement — FAB2 L2 deck — bay C2,WF-FAB2-07,FAB2,,false,structural,2026-07-31T11:54:00-07:00,2026-08-05T07:24:00-07:00,35.5,3.55,CAL-6x10,9,,,2026-07-31T11:54:00-07:00,2026-08-05T07:24:00-07:00,2026-08-03T11:12:00-07:00,2026-08-07T06:42:00-07:00,1.93,0.0,false,true,,,,IWP-FAB2-07
A-1063,FAB2.FAB.07,Slab pour — FAB2 L2 deck — bay C2,WF-FAB2-07,FAB2,concrete_cip_hot_weather,true,structural,2026-08-05T07:24:00-07:00,2026-08-05T15:36:00-07:00,8.2,0.82,CAL-6x10,12,347.0,m3,2026-08-05T07:24:00-07:00,2026-08-05T15:36:00-07:00,2026-08-07T06:42:00-07:00,2026-08-07T14:54:00-07:00,1.93,0.0,false,true,,,,IWP-FAB2-07
A-1064,FAB2.FAB.07,Slab finish & curing compound — FAB2 L2 deck — bay C2,WF-FAB2-07,FAB2,,false,structural,2026-08-05T15:36:00-07:00,2026-08-06T14:12:00-07:00,8.6,0.86,CAL-6x10,6,,,2026-08-05T15:36:00-07:00,2026-08-06T14:12:00-07:00,2026-08-07T14:54:00-07:00,2026-08-08T13:30:00-07:00,1.93,0.0,false,true,,,,IWP-FAB2-07
A-1065,FAB2.FAB.07,Structural steel erection — FAB2 L2 deck — bay C2,WF-FAB2-07,FAB2,,false,structural,2026-08-12T12:12:00-07:00,2026-08-17T15:06:00-07:00,42.9,4.29,CAL-6x10,10,,,2026-08-12T12:12:00-07:00,2026-08-17T15:06:00-07:00,2026-08-14T11:30:00-07:00,2026-08-19T14:24:00-07:00,1.93,0.0,false,true,,,,IWP-FAB2-07
A-1066,FAB2.FAB.07,Deck weld & shear stud installation — FAB2 L2 deck — bay C2,WF-FAB2-07,FAB2,structural_welding_preheat,true,structural,2026-08-17T15:06:00-07:00,2026-08-18T13:54:00-07:00,8.8,0.88,CAL-6x10,4,196.9,ea,2026-08-17T15:06:00-07:00,2026-08-18T13:54:00-07:00,2026-08-19T14:24:00-07:00,2026-08-20T13:12:00-07:00,1.93,0.0,false,true,,,,IWP-FAB2-07
A-1067,FAB2.FAB.07,Adhesive anchor installation — FAB2 L2 deck — bay C2,WF-FAB2-07,FAB2,adhesive_anchor_epoxy,true,structural,2026-08-18T13:54:00-07:00,2026-08-19T09:30:00-07:00,5.6,0.56,CAL-6x10,3,471.7,ea,2026-08-18T13:54:00-07:00,2026-08-19T09:30:00-07:00,2026-08-20T13:12:00-07:00,2026-08-21T08:48:00-07:00,1.93,0.73,false,true,,,,IWP-FAB2-07
A-1068,FAB2.FAB.07,Spray-applied fireproofing — FAB2 L2 deck — bay C2,WF-FAB2-07,FAB2,sfrm_spray_applied_fireproofing,true,structural,2026-08-20T14:48:00-07:00,2026-08-21T15:30:00-07:00,10.7,1.07,CAL-6x10,6,3303.0,m2,2026-08-20T14:48:00-07:00,2026-08-21T15:30:00-07:00,2026-08-22T06:48:00-07:00,2026-08-24T07:30:00-07:00,1.2,0.0,false,true,,,,IWP-FAB2-07
A-1069,FAB2.FAB.07,Structural steel high-build coating — FAB2 L2 deck — bay C2,WF-FAB2-07,FAB2,coating_epoxy_structural_steel,true,structural,2026-08-25T09:30:00-07:00,2026-08-25T15:36:00-07:00,6.1,0.61,CAL-6x10,5,4265.7,m2,2026-08-25T09:30:00-07:00,2026-08-25T15:36:00-07:00,2027-01-09T12:48:00-07:00,2027-01-11T08:54:00-07:00,112.33,0.0,false,false,,,,IWP-FAB2-07
A-1070,FAB2.FAB.07,MEP hanger & rough-in — FAB2 L2 deck — bay C2,WF-FAB2-07,FAB2,,false,mechanical,2026-08-25T15:36:00-07:00,2026-08-29T10:06:00-07:00,34.5,3.45,CAL-6x10,8,,,2026-08-25T15:36:00-07:00,2026-08-29T10:06:00-07:00,2027-01-11T08:54:00-07:00,2027-01-14T13:24:00-07:00,112.33,112.33,false,false,,,,IWP-FAB2-07
A-1071,FAB2.FAB.08,Layout & survey control — FAB2 L2 deck — bay D2,WF-FAB2-08,FAB2,,false,civil,2026-07-31T11:54:00-07:00,2026-08-01T12:12:00-07:00,10.3,1.03,CAL-6x10,3,,,2026-07-31T11:54:00-07:00,2026-08-01T12:12:00-07:00,2026-08-03T15:36:00-07:00,2026-08-04T15:54:00-07:00,2.37,0.0,false,true,,,,IWP-FAB2-08
A-1072,FAB2.FAB.08,Formwork & rebar placement — FAB2 L2 deck — bay D2,WF-FAB2-08,FAB2,,false,structural,2026-08-01T12:12:00-07:00,2026-08-05T13:48:00-07:00,31.6,3.16,CAL-6x10,9,,,2026-08-01T12:12:00-07:00,2026-08-05T13:48:00-07:00,2026-08-04T15:54:00-07:00,2026-08-08T07:30:00-07:00,2.37,0.0,false,true,,,,IWP-FAB2-08
A-1073,FAB2.FAB.08,Slab pour — FAB2 L2 deck — bay D2,WF-FAB2-08,FAB2,concrete_cip_hot_weather,true,structural,2026-08-05T13:48:00-07:00,2026-08-06T12:30:00-07:00,8.7,0.87,CAL-6x10,12,371.3,m3,2026-08-05T13:48:00-07:00,2026-08-06T12:30:00-07:00,2026-08-08T07:30:00-07:00,2026-08-10T06:12:00-07:00,2.37,0.0,false,true,,,,IWP-FAB2-08
A-1074,FAB2.FAB.08,Slab finish & curing compound — FAB2 L2 deck — bay D2,WF-FAB2-08,FAB2,,false,structural,2026-08-06T12:30:00-07:00,2026-08-07T11:06:00-07:00,8.6,0.86,CAL-6x10,6,,,2026-08-06T12:30:00-07:00,2026-08-07T11:06:00-07:00,2026-08-10T06:12:00-07:00,2026-08-10T14:48:00-07:00,2.37,0.0,false,true,,,,IWP-FAB2-08
A-1075,FAB2.FAB.08,Structural steel erection — FAB2 L2 deck — bay D2,WF-FAB2-08,FAB2,,false,structural,2026-08-13T09:06:00-07:00,2026-08-18T10:54:00-07:00,41.8,4.18,CAL-6x10,10,,,2026-08-13T09:06:00-07:00,2026-08-18T10:54:00-07:00,2026-08-15T12:48:00-07:00,2026-08-20T14:36:00-07:00,2.37,0.0,false,true,,,,IWP-FAB2-08
A-1076,FAB2.FAB.08,Deck weld & shear stud installation — FAB2 L2 deck — bay D2,WF-FAB2-08,FAB2,structural_welding_preheat,true,structural,2026-08-18T10:54:00-07:00,2026-08-19T09:36:00-07:00,8.7,0.87,CAL-6x10,4,195.5,ea,2026-08-18T10:54:00-07:00,2026-08-19T09:36:00-07:00,2026-08-20T14:36:00-07:00,2026-08-21T13:18:00-07:00,2.37,0.0,false,true,,,,IWP-FAB2-08
A-1077,FAB2.FAB.08,Adhesive anchor installation — FAB2 L2 deck — bay D2,WF-FAB2-08,FAB2,adhesive_anchor_epoxy,true,structural,2026-08-19T09:36:00-07:00,2026-08-19T15:06:00-07:00,5.5,0.55,CAL-6x10,3,459.1,ea,2026-08-19T09:36:00-07:00,2026-08-19T15:06:00-07:00,2026-08-21T13:18:00-07:00,2026-08-22T08:48:00-07:00,2.37,1.17,false,true,,,,IWP-FAB2-08
A-1078,FAB2.FAB.08,Spray-applied fireproofing — FAB2 L2 deck — bay D2,WF-FAB2-08,FAB2,sfrm_spray_applied_fireproofing,true,structural,2026-08-21T14:48:00-07:00,2026-08-22T14:30:00-07:00,9.7,0.97,CAL-6x10,6,3007.3,m2,2026-08-21T14:48:00-07:00,2026-08-22T14:30:00-07:00,2026-08-24T06:48:00-07:00,2026-08-25T06:30:00-07:00,1.2,0.0,false,true,,,Special inspector — SFRM thickness & density verification,IWP-FAB2-08
A-1079,FAB2.FAB.08,Structural steel high-build coating — FAB2 L2 deck — bay D2,WF-FAB2-08,FAB2,coating_epoxy_structural_steel,true,structural,2026-08-26T08:30:00-07:00,2026-08-26T13:42:00-07:00,5.2,0.52,CAL-6x10,5,3612.4,m2,2026-08-26T08:30:00-07:00,2026-08-26T13:42:00-07:00,2027-01-09T14:54:00-07:00,2027-01-11T10:06:00-07:00,111.64,0.0,false,false,,,,IWP-FAB2-08
A-1080,FAB2.FAB.08,MEP hanger & rough-in — FAB2 L2 deck — bay D2,WF-FAB2-08,FAB2,,false,mechanical,2026-08-26T13:42:00-07:00,2026-08-31T07:00:00-07:00,33.3,3.33,CAL-6x10,8,,,2026-08-26T13:42:00-07:00,2026-08-31T07:00:00-07:00,2027-01-11T10:06:00-07:00,2027-01-14T13:24:00-07:00,111.64,111.64,false,false,,,,IWP-FAB2-08
A-1081,FAB2.FAB.09,Layout & survey control — FAB2 L3 deck — bay A3,WF-FAB2-09,FAB2,,false,civil,2026-07-29T06:24:00-07:00,2026-07-30T07:30:00-07:00,11.1,1.11,CAL-6x10,3,,,2026-07-29T06:24:00-07:00,2026-07-30T07:30:00-07:00,2026-08-05T08:24:00-07:00,2026-08-06T09:30:00-07:00,6.2,0.0,false,false,,,,IWP-FAB2-09
A-1082,FAB2.FAB.09,Formwork & rebar placement — FAB2 L3 deck — bay A3,WF-FAB2-09,FAB2,,false,structural,2026-07-30T07:30:00-07:00,2026-08-03T12:06:00-07:00,34.6,3.46,CAL-6x10,9,,,2026-07-30T07:30:00-07:00,2026-08-03T12:06:00-07:00,2026-08-06T09:30:00-07:00,2026-08-10T14:06:00-07:00,6.2,0.0,false,false,,,,IWP-FAB2-09
A-1083,FAB2.FAB.09,Slab pour — FAB2 L3 deck — bay A3,WF-FAB2-09,FAB2,concrete_cip_hot_weather,true,structural,2026-08-03T12:06:00-07:00,2026-08-04T09:24:00-07:00,7.3,0.73,CAL-6x10,12,310.6,m3,2026-08-03T12:06:00-07:00,2026-08-04T09:24:00-07:00,2026-08-10T14:06:00-07:00,2026-08-11T11:24:00-07:00,6.2,0.0,false,false,,,,IWP-FAB2-09
A-1084,FAB2.FAB.09,Slab finish & curing compound — FAB2 L3 deck — bay A3,WF-FAB2-09,FAB2,,false,structural,2026-08-04T09:24:00-07:00,2026-08-05T09:30:00-07:00,10.1,1.01,CAL-6x10,6,,,2026-08-04T09:24:00-07:00,2026-08-05T09:30:00-07:00,2026-08-11T11:24:00-07:00,2026-08-12T11:30:00-07:00,6.2,0.0,false,false,,,,IWP-FAB2-09
A-1085,FAB2.FAB.09,Structural steel erection — FAB2 L3 deck — bay A3,WF-FAB2-09,FAB2,,false,structural,2026-08-11T07:30:00-07:00,2026-08-14T14:30:00-07:00,37.0,3.7,CAL-6x10,10,,,2026-08-11T07:30:00-07:00,2026-08-14T14:30:00-07:00,2026-08-18T09:30:00-07:00,2026-08-22T06:30:00-07:00,6.2,0.0,false,false,,,,IWP-FAB2-09
A-1086,FAB2.FAB.09,Deck weld & shear stud installation — FAB2 L3 deck — bay A3,WF-FAB2-09,FAB2,structural_welding_preheat,true,structural,2026-08-14T14:30:00-07:00,2026-08-15T12:24:00-07:00,7.9,0.79,CAL-6x10,4,178.4,ea,2026-08-14T14:30:00-07:00,2026-08-15T12:24:00-07:00,2026-08-22T06:30:00-07:00,2026-08-22T14:24:00-07:00,6.2,0.0,false,false,,,,IWP-FAB2-09
A-1087,FAB2.FAB.09,Adhesive anchor installation — FAB2 L3 deck — bay A3,WF-FAB2-09,FAB2,adhesive_anchor_epoxy,true,structural,2026-08-15T12:24:00-07:00,2026-08-17T06:48:00-07:00,4.4,0.44,CAL-6x10,3,367.8,ea,2026-08-15T12:24:00-07:00,2026-08-17T06:48:00-07:00,2026-08-22T14:24:00-07:00,2026-08-24T08:48:00-07:00,6.2,5.0,false,false,,,,IWP-FAB2-09
A-1088,FAB2.FAB.09,Spray-applied fireproofing — FAB2 L3 deck — bay A3,WF-FAB2-09,FAB2,sfrm_spray_applied_fireproofing,true,structural,2026-08-22T14:48:00-07:00,2026-08-25T06:30:00-07:00,11.7,1.17,CAL-6x10,6,3620.0,m2,2026-08-22T14:48:00-07:00,2026-08-25T06:30:00-07:00,2026-08-25T06:48:00-07:00,2026-08-26T08:30:00-07:00,1.2,0.0,false,true,,,,IWP-FAB2-09
A-1089,FAB2.FAB.09,Structural steel high-build coating — FAB2 L3 deck — bay A3,WF-FAB2-09,FAB2,coating_epoxy_structural_steel,true,structural,2026-08-27T10:30:00-07:00,2026-08-28T07:24:00-07:00,6.9,0.69,CAL-6x10,5,4814.3,m2,2026-08-27T10:30:00-07:00,2026-08-28T07:24:00-07:00,2027-01-09T14:42:00-07:00,2027-01-11T11:36:00-07:00,110.42,0.0,false,false,,,,IWP-FAB2-09
A-1090,FAB2.FAB.09,MEP hanger & rough-in — FAB2 L3 deck — bay A3,WF-FAB2-09,FAB2,,false,mechanical,2026-08-28T07:24:00-07:00,2026-09-01T09:12:00-07:00,31.8,3.18,CAL-6x10,8,,,2026-08-28T07:24:00-07:00,2026-09-01T09:12:00-07:00,2027-01-11T11:36:00-07:00,2027-01-14T13:24:00-07:00,110.42,110.42,false,false,,,,IWP-FAB2-09
A-1091,FAB2.FAB.10,Layout & survey control — FAB2 L3 deck — bay B3,WF-FAB2-10,FAB2,,false,civil,2026-07-30T13:48:00-07:00,2026-07-31T15:12:00-07:00,11.4,1.14,CAL-6x10,3,,,2026-07-30T13:48:00-07:00,2026-07-31T15:12:00-07:00,2026-08-06T07:00:00-07:00,2026-08-07T08:24:00-07:00,5.32,0.0,false,false,,,,IWP-FAB2-10
A-1092,FAB2.FAB.10,Formwork & rebar placement — FAB2 L3 deck — bay B3,WF-FAB2-10,FAB2,,false,structural,2026-07-31T15:12:00-07:00,2026-08-04T11:06:00-07:00,25.9,2.59,CAL-6x10,9,,,2026-07-31T15:12:00-07:00,2026-08-04T11:06:00-07:00,2026-08-07T08:24:00-07:00,2026-08-10T14:18:00-07:00,5.32,0.0,false,false,,,,IWP-FAB2-10
A-1093,FAB2.FAB.10,Slab pour — FAB2 L3 deck — bay B3,WF-FAB2-10,FAB2,concrete_cip_hot_weather,true,structural,2026-08-04T11:06:00-07:00,2026-08-05T08:24:00-07:00,7.3,0.73,CAL-6x10,12,311.0,m3,2026-08-04T11:06:00-07:00,2026-08-05T08:24:00-07:00,2026-08-10T14:18:00-07:00,2026-08-11T11:36:00-07:00,5.32,0.0,false,false,,,,IWP-FAB2-10
A-1094,FAB2.FAB.10,Slab finish & curing compound — FAB2 L3 deck — bay B3,WF-FAB2-10,FAB2,,false,structural,2026-08-05T08:24:00-07:00,2026-08-06T07:12:00-07:00,8.8,0.88,CAL-6x10,6,,,2026-08-05T08:24:00-07:00,2026-08-06T07:12:00-07:00,2026-08-11T11:36:00-07:00,2026-08-12T10:24:00-07:00,5.32,0.0,false,false,,,,IWP-FAB2-10
A-1095,FAB2.FAB.10,Structural steel erection — FAB2 L3 deck — bay B3,WF-FAB2-10,FAB2,,false,structural,2026-08-11T15:12:00-07:00,2026-08-17T11:36:00-07:00,46.4,4.64,CAL-6x10,10,,,2026-08-11T15:12:00-07:00,2026-08-17T11:36:00-07:00,2026-08-18T08:24:00-07:00,2026-08-22T14:48:00-07:00,5.32,0.0,false,false,,,,IWP-FAB2-10
A-1096,FAB2.FAB.10,Deck weld & shear stud installation — FAB2 L3 deck — bay B3,WF-FAB2-10,FAB2,structural_welding_preheat,true,structural,2026-08-17T11:36:00-07:00,2026-08-18T10:48:00-07:00,9.2,0.92,CAL-6x10,4,206.0,ea,2026-08-17T11:36:00-07:00,2026-08-18T10:48:00-07:00,2026-08-22T14:48:00-07:00,2026-08-24T14:00:00-07:00,5.32,0.0,false,false,,,,IWP-FAB2-10
A-1097,FAB2.FAB.10,Adhesive anchor installation — FAB2 L3 deck — bay B3,WF-FAB2-10,FAB2,adhesive_anchor_epoxy,true,structural,2026-08-18T10:48:00-07:00,2026-08-18T15:36:00-07:00,4.8,0.48,CAL-6x10,3,406.5,ea,2026-08-18T10:48:00-07:00,2026-08-18T15:36:00-07:00,2026-08-24T14:00:00-07:00,2026-08-25T08:48:00-07:00,5.32,4.12,false,false,,,,IWP-FAB2-10
A-1098,FAB2.FAB.10,Spray-applied fireproofing — FAB2 L3 deck — bay B3,WF-FAB2-10,FAB2,sfrm_spray_applied_fireproofing,true,structural,2026-08-24T14:48:00-07:00,2026-08-26T06:42:00-07:00,11.9,1.19,CAL-6x10,6,3676.9,m2,2026-08-24T14:48:00-07:00,2026-08-26T06:42:00-07:00,2026-08-26T06:48:00-07:00,2026-08-27T08:42:00-07:00,1.2,0.0,false,true,,,,IWP-FAB2-10
A-1099,FAB2.FAB.10,Structural steel high-build coating — FAB2 L3 deck — bay B3,WF-FAB2-10,FAB2,coating_epoxy_structural_steel,true,structural,2026-08-28T10:42:00-07:00,2026-08-29T07:12:00-07:00,6.5,0.65,CAL-6x10,5,4579.6,m2,2026-08-28T10:42:00-07:00,2026-08-29T07:12:00-07:00,2027-01-11T10:54:00-07:00,2027-01-12T07:24:00-07:00,110.02,0.0,false,false,,,,IWP-FAB2-10
A-1100,FAB2.FAB.10,MEP hanger & rough-in — FAB2 L3 deck — bay B3,WF-FAB2-10,FAB2,,false,mechanical,2026-08-29T07:12:00-07:00,2026-09-01T13:12:00-07:00,26.0,2.6,CAL-6x10,8,,,2026-08-29T07:12:00-07:00,2026-09-01T13:12:00-07:00,2027-01-12T07:24:00-07:00,2027-01-14T13:24:00-07:00,110.02,110.02,false,false,,,,IWP-FAB2-10
A-1101,FAB2.FAB.11,Layout & survey control — FAB2 L3 deck — bay C3,WF-FAB2-11,FAB2,,false,civil,2026-07-30T13:00:00-07:00,2026-07-31T14:48:00-07:00,11.8,1.18,CAL-6x10,3,,,2026-07-30T13:00:00-07:00,2026-07-31T14:48:00-07:00,2026-08-07T06:54:00-07:00,2026-08-08T08:42:00-07:00,6.39,0.0,false,false,,,,IWP-FAB2-11
A-1102,FAB2.FAB.11,Formwork & rebar placement — FAB2 L3 deck — bay C3,WF-FAB2-11,FAB2,,false,structural,2026-07-31T14:48:00-07:00,2026-08-05T07:18:00-07:00,32.5,3.25,CAL-6x10,9,,,2026-07-31T14:48:00-07:00,2026-08-05T07:18:00-07:00,2026-08-08T08:42:00-07:00,2026-08-12T11:12:00-07:00,6.39,0.0,false,false,,,,IWP-FAB2-11
A-1103,FAB2.FAB.11,Slab pour — FAB2 L3 deck — bay C3,WF-FAB2-11,FAB2,concrete_cip_hot_weather,true,structural,2026-08-05T07:18:00-07:00,2026-08-05T14:36:00-07:00,7.3,0.73,CAL-6x10,12,310.9,m3,2026-08-05T07:18:00-07:00,2026-08-05T14:36:00-07:00,2026-08-12T11:12:00-07:00,2026-08-13T08:30:00-07:00,6.39,0.0,false,false,,,,IWP-FAB2-11
A-1104,FAB2.FAB.11,Slab finish & curing compound — FAB2 L3 deck — bay C3,WF-FAB2-11,FAB2,,false,structural,2026-08-05T14:36:00-07:00,2026-08-07T06:18:00-07:00,11.7,1.17,CAL-6x10,6,,,2026-08-05T14:36:00-07:00,2026-08-07T06:18:00-07:00,2026-08-13T08:30:00-07:00,2026-08-14T10:12:00-07:00,6.39,0.0,false,false,,,,IWP-FAB2-11
A-1105,FAB2.FAB.11,Structural steel erection — FAB2 L3 deck — bay C3,WF-FAB2-11,FAB2,,false,structural,2026-08-12T14:18:00-07:00,2026-08-17T11:00:00-07:00,36.7,3.67,CAL-6x10,10,,,2026-08-12T14:18:00-07:00,2026-08-17T11:00:00-07:00,2026-08-20T08:12:00-07:00,2026-08-24T14:54:00-07:00,6.39,0.0,false,false,,,,IWP-FAB2-11
A-1106,FAB2.FAB.11,Deck weld & shear stud installation — FAB2 L3 deck — bay C3,WF-FAB2-11,FAB2,structural_welding_preheat,true,structural,2026-08-17T11:00:00-07:00,2026-08-18T09:36:00-07:00,8.6,0.86,CAL-6x10,4,193.7,ea,2026-08-17T11:00:00-07:00,2026-08-18T09:36:00-07:00,2026-08-24T14:54:00-07:00,2026-08-25T13:30:00-07:00,6.39,0.0,false,false,,,,IWP-FAB2-11
A-1107,FAB2.FAB.11,Adhesive anchor installation — FAB2 L3 deck — bay C3,WF-FAB2-11,FAB2,adhesive_anchor_epoxy,true,structural,2026-08-18T09:36:00-07:00,2026-08-18T14:54:00-07:00,5.3,0.53,CAL-6x10,3,446.2,ea,2026-08-18T09:36:00-07:00,2026-08-18T14:54:00-07:00,2026-08-25T13:30:00-07:00,2026-08-26T08:48:00-07:00,6.39,5.19,false,false,,,,IWP-FAB2-11
A-1108,FAB2.FAB.11,Spray-applied fireproofing — FAB2 L3 deck — bay C3,WF-FAB2-11,FAB2,sfrm_spray_applied_fireproofing,true,structural,2026-08-25T14:48:00-07:00,2026-08-27T06:24:00-07:00,11.6,1.16,CAL-6x10,6,3591.1,m2,2026-08-25T14:48:00-07:00,2026-08-27T06:24:00-07:00,2026-08-27T06:48:00-07:00,2026-08-28T08:24:00-07:00,1.2,0.0,false,true,,,,IWP-FAB2-11
A-1109,FAB2.FAB.11,Structural steel high-build coating — FAB2 L3 deck — bay C3,WF-FAB2-11,FAB2,coating_epoxy_structural_steel,true,structural,2026-08-29T10:24:00-07:00,2026-08-31T07:06:00-07:00,6.7,0.67,CAL-6x10,5,4694.2,m2,2026-08-29T10:24:00-07:00,2026-08-31T07:06:00-07:00,2027-01-11T08:48:00-07:00,2027-01-11T15:30:00-07:00,108.84,0.0,false,false,,,,IWP-FAB2-11
A-1110,FAB2.FAB.11,MEP hanger & rough-in — FAB2 L3 deck — bay C3,WF-FAB2-11,FAB2,,false,mechanical,2026-08-31T07:06:00-07:00,2026-09-02T15:00:00-07:00,27.9,2.79,CAL-6x10,8,,,2026-08-31T07:06:00-07:00,2026-09-02T15:00:00-07:00,2027-01-11T15:30:00-07:00,2027-01-14T13:24:00-07:00,108.84,108.84,false,false,,,,IWP-FAB2-11
A-1111,FAB2.FAB.12,Layout & survey control — FAB2 L3 deck — bay D3,WF-FAB2-12,FAB2,,false,civil,2026-07-31T11:54:00-07:00,2026-08-01T12:18:00-07:00,10.4,1.04,CAL-6x10,3,,,2026-07-31T11:54:00-07:00,2026-08-01T12:18:00-07:00,2026-08-08T11:48:00-07:00,2026-08-10T12:12:00-07:00,6.99,0.0,false,false,,,,IWP-FAB2-12
A-1112,FAB2.FAB.12,Formwork & rebar placement — FAB2 L3 deck — bay D3,WF-FAB2-12,FAB2,,false,structural,2026-08-01T12:18:00-07:00,2026-08-05T10:00:00-07:00,27.7,2.77,CAL-6x10,9,,,2026-08-01T12:18:00-07:00,2026-08-05T10:00:00-07:00,2026-08-10T12:12:00-07:00,2026-08-13T09:54:00-07:00,6.99,0.0,false,false,,,,IWP-FAB2-12
A-1113,FAB2.FAB.12,Slab pour — FAB2 L3 deck — bay D3,WF-FAB2-12,FAB2,concrete_cip_hot_weather,true,structural,2026-08-05T10:00:00-07:00,2026-08-06T08:54:00-07:00,8.9,0.89,CAL-6x10,12,377.3,m3,2026-08-05T10:00:00-07:00,2026-08-06T08:54:00-07:00,2026-08-13T09:54:00-07:00,2026-08-14T08:48:00-07:00,6.99,0.0,false,false,,,,IWP-FAB2-12
A-1114,FAB2.FAB.12,Slab finish & curing compound — FAB2 L3 deck — bay D3,WF-FAB2-12,FAB2,,false,structural,2026-08-06T08:54:00-07:00,2026-08-07T09:54:00-07:00,11.0,1.1,CAL-6x10,6,,,2026-08-06T08:54:00-07:00,2026-08-07T09:54:00-07:00,2026-08-14T08:48:00-07:00,2026-08-15T09:48:00-07:00,6.99,0.0,false,false,,,,IWP-FAB2-12
A-1115,FAB2.FAB.12,Structural steel erection — FAB2 L3 deck — bay D3,WF-FAB2-12,FAB2,,false,structural,2026-08-13T07:54:00-07:00,2026-08-17T15:12:00-07:00,37.3,3.73,CAL-6x10,10,,,2026-08-13T07:54:00-07:00,2026-08-17T15:12:00-07:00,2026-08-21T07:48:00-07:00,2026-08-25T15:06:00-07:00,6.99,0.0,false,false,,,,IWP-FAB2-12
A-1116,FAB2.FAB.12,Deck weld & shear stud installation — FAB2 L3 deck — bay D3,WF-FAB2-12,FAB2,structural_welding_preheat,true,structural,2026-08-17T15:12:00-07:00,2026-08-18T12:54:00-07:00,7.7,0.77,CAL-6x10,4,173.5,ea,2026-08-17T15:12:00-07:00,2026-08-18T12:54:00-07:00,2026-08-25T15:06:00-07:00,2026-08-26T12:48:00-07:00,6.99,0.0,false,false,,,,IWP-FAB2-12
A-1117,FAB2.FAB.12,Adhesive anchor installation — FAB2 L3 deck — bay D3,WF-FAB2-12,FAB2,adhesive_anchor_epoxy,true,structural,2026-08-18T12:54:00-07:00,2026-08-19T08:54:00-07:00,6.0,0.6,CAL-6x10,3,501.0,ea,2026-08-18T12:54:00-07:00,2026-08-19T08:54:00-07:00,2026-08-26T12:48:00-07:00,2026-08-27T08:48:00-07:00,6.99,5.79,false,false,,,,IWP-FAB2-12
A-1118,FAB2.FAB.12,Spray-applied fireproofing — FAB2 L3 deck — bay D3,WF-FAB2-12,FAB2,sfrm_spray_applied_fireproofing,true,structural,2026-08-26T14:48:00-07:00,2026-08-27T15:54:00-07:00,11.1,1.11,CAL-6x10,6,3432.7,m2,2026-08-26T14:48:00-07:00,2026-08-27T15:54:00-07:00,2026-08-28T06:48:00-07:00,2026-08-29T07:54:00-07:00,1.2,0.0,false,true,,,,IWP-FAB2-12
A-1119,FAB2.FAB.12,Structural steel high-build coating — FAB2 L3 deck — bay D3,WF-FAB2-12,FAB2,coating_epoxy_structural_steel,true,structural,2026-08-31T09:54:00-07:00,2026-09-01T06:36:00-07:00,6.7,0.67,CAL-6x10,5,4701.9,m2,2026-08-31T09:54:00-07:00,2026-09-01T06:36:00-07:00,2027-01-09T13:24:00-07:00,2027-01-11T10:06:00-07:00,107.35,0.0,false,false,,,,IWP-FAB2-12
A-1120,FAB2.FAB.12,MEP hanger & rough-in — FAB2 L3 deck — bay D3,WF-FAB2-12,FAB2,,false,mechanical,2026-09-01T06:36:00-07:00,2026-09-04T09:54:00-07:00,33.3,3.33,CAL-6x10,8,,,2026-09-01T06:36:00-07:00,2026-09-04T09:54:00-07:00,2027-01-11T10:06:00-07:00,2027-01-14T13:24:00-07:00,107.35,107.35,false,false,,,,IWP-FAB2-12
A-1121,FAB2.FAB.13,Layout & survey control — FAB2 Perimeter facade — bay A4,WF-FAB2-13,FAB2,,false,civil,2026-07-29T06:24:00-07:00,2026-07-29T15:00:00-07:00,8.6,0.86,CAL-6x10,3,,,2026-07-29T06:24:00-07:00,2026-07-29T15:00:00-07:00,2026-08-08T08:12:00-07:00,2026-08-10T06:48:00-07:00,9.18,0.0,false,false,,,,IWP-FAB2-13
A-1122,FAB2.FAB.13,Formwork & rebar placement — FAB2 Perimeter facade — bay A4,WF-FAB2-13,FAB2,,false,structural,2026-07-29T15:00:00-07:00,2026-08-03T09:12:00-07:00,34.2,3.42,CAL-6x10,9,,,2026-07-29T15:00:00-07:00,2026-08-03T09:12:00-07:00,2026-08-10T06:48:00-07:00,2026-08-13T11:00:00-07:00,9.18,0.0,false,false,,,,IWP-FAB2-13
A-1123,FAB2.FAB.13,Slab pour — FAB2 Perimeter facade — bay A4,WF-FAB2-13,FAB2,concrete_cip_hot_weather,true,structural,2026-08-03T09:12:00-07:00,2026-08-04T08:42:00-07:00,9.5,0.95,CAL-6x10,12,402.6,m3,2026-08-03T09:12:00-07:00,2026-08-04T08:42:00-07:00,2026-08-13T11:00:00-07:00,2026-08-14T10:30:00-07:00,9.18,0.0,false,false,,,,IWP-FAB2-13
A-1124,FAB2.FAB.13,Slab finish & curing compound — FAB2 Perimeter facade — bay A4,WF-FAB2-13,FAB2,,false,structural,2026-08-04T08:42:00-07:00,2026-08-05T08:18:00-07:00,9.6,0.96,CAL-6x10,6,,,2026-08-04T08:42:00-07:00,2026-08-05T08:18:00-07:00,2026-08-14T10:30:00-07:00,2026-08-15T10:06:00-07:00,9.18,0.0,false,false,,,,IWP-FAB2-13
A-1125,FAB2.FAB.13,Structural steel erection — FAB2 Perimeter facade — bay A4,WF-FAB2-13,FAB2,,false,structural,2026-08-11T06:18:00-07:00,2026-08-15T13:24:00-07:00,47.1,4.71,CAL-6x10,10,,,2026-08-11T06:18:00-07:00,2026-08-15T13:24:00-07:00,2026-08-21T08:06:00-07:00,2026-08-26T15:12:00-07:00,9.18,0.0,false,false,,,,IWP-FAB2-13
A-1126,FAB2.FAB.13,Deck weld & shear stud installation — FAB2 Perimeter facade — bay A4,WF-FAB2-13,FAB2,structural_welding_preheat,true,structural,2026-08-15T13:24:00-07:00,2026-08-17T11:12:00-07:00,7.8,0.78,CAL-6x10,4,176.4,ea,2026-08-15T13:24:00-07:00,2026-08-17T11:12:00-07:00,2026-08-26T15:12:00-07:00,2026-08-27T13:00:00-07:00,9.18,0.0,false,false,,,,IWP-FAB2-13
A-1127,FAB2.FAB.13,Adhesive anchor installation — FAB2 Perimeter facade — bay A4,WF-FAB2-13,FAB2,adhesive_anchor_epoxy,true,structural,2026-08-17T11:12:00-07:00,2026-08-18T07:00:00-07:00,5.8,0.58,CAL-6x10,3,487.0,ea,2026-08-17T11:12:00-07:00,2026-08-18T07:00:00-07:00,2026-08-27T13:00:00-07:00,2026-08-28T08:48:00-07:00,9.18,7.98,false,false,,,,IWP-FAB2-13
A-1128,FAB2.FAB.13,Spray-applied fireproofing — FAB2 Perimeter facade — bay A4,WF-FAB2-13,FAB2,sfrm_spray_applied_fireproofing,true,structural,2026-08-27T14:48:00-07:00,2026-08-28T14:18:00-07:00,9.5,0.95,CAL-6x10,6,2948.0,m2,2026-08-27T14:48:00-07:00,2026-08-28T14:18:00-07:00,2026-08-29T06:48:00-07:00,2026-08-31T06:18:00-07:00,1.2,0.0,false,true,,,,IWP-FAB2-13
A-1129,FAB2.FAB.13,Structural steel high-build coating — FAB2 Perimeter facade — bay A4,WF-FAB2-13,FAB2,coating_epoxy_structural_steel,true,structural,2026-09-01T08:18:00-07:00,2026-09-01T14:48:00-07:00,6.5,0.65,CAL-6x10,5,4569.2,m2,2026-09-01T08:18:00-07:00,2026-09-01T14:48:00-07:00,2027-01-11T08:24:00-07:00,2027-01-11T14:54:00-07:00,107.01,0.0,false,false,,,,IWP-FAB2-13
A-1130,FAB2.FAB.13,MEP hanger & rough-in — FAB2 Perimeter facade — bay A4,WF-FAB2-13,FAB2,,false,mechanical,2026-09-01T14:48:00-07:00,2026-09-04T13:18:00-07:00,28.5,2.85,CAL-6x10,8,,,2026-09-01T14:48:00-07:00,2026-09-04T13:18:00-07:00,2027-01-11T14:54:00-07:00,2027-01-14T13:24:00-07:00,107.01,107.01,false,false,,,,IWP-FAB2-13
A-1131,FAB2.FAB.14,Layout & survey control — FAB2 Perimeter facade — bay B4,WF-FAB2-14,FAB2,,false,civil,2026-07-30T13:48:00-07:00,2026-07-31T12:36:00-07:00,8.8,0.88,CAL-6x10,3,,,2026-07-30T13:48:00-07:00,2026-07-31T12:36:00-07:00,2026-08-11T11:24:00-07:00,2026-08-12T10:12:00-07:00,9.76,0.0,false,false,,,,IWP-FAB2-14
A-1132,FAB2.FAB.14,Formwork & rebar placement — FAB2 Perimeter facade — bay B4,WF-FAB2-14,FAB2,,false,structural,2026-07-31T12:36:00-07:00,2026-08-04T15:18:00-07:00,32.7,3.27,CAL-6x10,9,,,2026-07-31T12:36:00-07:00,2026-08-04T15:18:00-07:00,2026-08-12T10:12:00-07:00,2026-08-15T12:54:00-07:00,9.76,0.0,false,false,,,,IWP-FAB2-14
A-1133,FAB2.FAB.14,Slab pour — FAB2 Perimeter facade — bay B4,WF-FAB2-14,FAB2,concrete_cip_hot_weather,true,structural,2026-08-04T15:18:00-07:00,2026-08-05T14:30:00-07:00,9.2,0.92,CAL-6x10,12,392.9,m3,2026-08-04T15:18:00-07:00,2026-08-05T14:30:00-07:00,2026-08-15T12:54:00-07:00,2026-08-17T12:06:00-07:00,9.76,0.0,false,false,,,,IWP-FAB2-14
A-1134,FAB2.FAB.14,Slab finish & curing compound — FAB2 Perimeter facade — bay B4,WF-FAB2-14,FAB2,,false,structural,2026-08-05T14:30:00-07:00,2026-08-06T15:00:00-07:00,10.5,1.05,CAL-6x10,6,,,2026-08-05T14:30:00-07:00,2026-08-06T15:00:00-07:00,2026-08-17T12:06:00-07:00,2026-08-18T12:36:00-07:00,9.76,0.0,false,false,,,,IWP-FAB2-14
A-1135,FAB2.FAB.14,Structural steel erection — FAB2 Perimeter facade — bay B4,WF-FAB2-14,FAB2,,false,structural,2026-08-12T13:00:00-07:00,2026-08-17T07:18:00-07:00,34.3,3.43,CAL-6x10,10,,,2026-08-12T13:00:00-07:00,2026-08-17T07:18:00-07:00,2026-08-24T10:36:00-07:00,2026-08-27T14:54:00-07:00,9.76,0.0,false,false,,,,IWP-FAB2-14
A-1136,FAB2.FAB.14,Deck weld & shear stud installation — FAB2 Perimeter facade — bay B4,WF-FAB2-14,FAB2,structural_welding_preheat,true,structural,2026-08-17T07:18:00-07:00,2026-08-17T15:30:00-07:00,8.2,0.82,CAL-6x10,4,184.3,ea,2026-08-17T07:18:00-07:00,2026-08-17T15:30:00-07:00,2026-08-27T14:54:00-07:00,2026-08-28T13:06:00-07:00,9.76,0.0,false,false,,,,IWP-FAB2-14
A-1137,FAB2.FAB.14,Adhesive anchor installation — FAB2 Perimeter facade — bay B4,WF-FAB2-14,FAB2,adhesive_anchor_epoxy,true,structural,2026-08-17T15:30:00-07:00,2026-08-18T11:12:00-07:00,5.7,0.57,CAL-6x10,3,480.9,ea,2026-08-17T15:30:00-07:00,2026-08-18T11:12:00-07:00,2026-08-28T13:06:00-07:00,2026-08-29T08:48:00-07:00,9.76,8.56,false,false,,,,IWP-FAB2-14
A-1138,FAB2.FAB.14,Spray-applied fireproofing — FAB2 Perimeter facade — bay B4,WF-FAB2-14,FAB2,sfrm_spray_applied_fireproofing,true,structural,2026-08-28T14:48:00-07:00,2026-08-29T14:24:00-07:00,9.6,0.96,CAL-6x10,6,2964.4,m2,2026-08-28T14:48:00-07:00,2026-08-29T14:24:00-07:00,2026-08-31T06:48:00-07:00,2026-09-01T06:24:00-07:00,1.2,0.0,false,true,,,,IWP-FAB2-14
A-1139,FAB2.FAB.14,Structural steel high-build coating — FAB2 Perimeter facade — bay B4,WF-FAB2-14,FAB2,coating_epoxy_structural_steel,true,structural,2026-09-02T08:24:00-07:00,2026-09-02T14:18:00-07:00,5.9,0.59,CAL-6x10,5,4097.5,m2,2026-09-02T08:24:00-07:00,2026-09-02T14:18:00-07:00,2026-09-03T10:24:00-07:00,2026-09-04T06:18:00-07:00,1.2,0.0,false,true,,,,IWP-FAB2-14
A-1140,FAB2.FAB.14,MEP hanger & rough-in — FAB2 Perimeter facade — bay B4,WF-FAB2-14,FAB2,,false,mechanical,2026-09-02T14:18:00-07:00,2026-09-05T12:12:00-07:00,27.9,2.79,CAL-6x10,8,,,2026-09-02T14:18:00-07:00,2026-09-05T12:12:00-07:00,2026-09-04T06:18:00-07:00,2026-09-08T14:12:00-07:00,1.2,1.2,false,true,2026-09-08T14:12:00-07:00,MS-210 Clean room shell dry-in,,IWP-FAB2-14
A-1141,CUB.YARD.01,Excavation & subgrade prep — CUB grade — bay A1,WF-CUB-01,CUB,,false,sitework,2026-08-14T13:00:00-07:00,2026-08-17T15:54:00-07:00,22.9,2.29,CAL-6x10,5,,,2026-08-14T13:00:00-07:00,2026-08-17T15:54:00-07:00,2026-12-07T07:42:00-07:00,2026-12-09T10:36:00-07:00,94.47,0.0,false,false,,,,IWP-CUB-01
A-1142,CUB.YARD.01,Equipment pad pour — CUB grade — bay A1,WF-CUB-01,CUB,concrete_cip_hot_weather,true,structural,2026-08-17T15:54:00-07:00,2026-08-18T14:30:00-07:00,8.6,0.86,CAL-6x10,10,129.6,m3,2026-08-17T15:54:00-07:00,2026-08-18T14:30:00-07:00,2026-12-09T10:36:00-07:00,2026-12-10T09:12:00-07:00,94.47,0.0,false,false,,,,IWP-CUB-01
A-1143,CUB.YARD.01,Anchor bolt & adhesive anchor set — CUB grade — bay A1,WF-CUB-01,CUB,adhesive_anchor_epoxy,true,structural,2026-08-21T08:30:00-07:00,2026-08-21T13:36:00-07:00,5.1,0.51,CAL-6x10,3,163.9,ea,2026-08-21T08:30:00-07:00,2026-08-21T13:36:00-07:00,2026-12-12T13:12:00-07:00,2026-12-14T08:18:00-07:00,94.47,0.0,false,false,,,,IWP-CUB-01
A-1144,CUB.YARD.01,Equipment set & alignment — CUB grade — bay A1,WF-CUB-01,CUB,,false,mechanical,2026-08-21T13:36:00-07:00,2026-08-25T14:48:00-07:00,31.2,3.12,CAL-6x10,6,,,2026-08-21T13:36:00-07:00,2026-08-25T14:48:00-07:00,2026-12-14T08:18:00-07:00,2026-12-17T09:30:00-07:00,94.47,0.0,false,false,,,,IWP-CUB-01
A-1145,CUB.YARD.01,Pipe rack erection — CUB grade — bay A1,WF-CUB-01,CUB,,false,mechanical,2026-08-25T14:48:00-07:00,2026-08-27T13:18:00-07:00,18.5,1.85,CAL-6x10,6,,,2026-08-25T14:48:00-07:00,2026-08-27T13:18:00-07:00,2026-12-17T09:30:00-07:00,2026-12-19T08:00:00-07:00,94.47,0.0,false,false,,,,IWP-CUB-01
A-1146,CUB.YARD.01,Pipe rack & equipment coating — CUB grade — bay A1,WF-CUB-01,CUB,coating_epoxy_structural_steel,true,mechanical,2026-08-27T13:18:00-07:00,2026-08-28T08:48:00-07:00,5.5,0.55,CAL-6x10,4,1281.7,m2,2026-08-27T13:18:00-07:00,2026-08-28T08:48:00-07:00,2026-12-19T08:00:00-07:00,2026-12-19T13:30:00-07:00,94.47,0.0,false,false,,,,IWP-CUB-01
A-1147,CUB.YARD.01,"Conduit, grounding & terminations — CUB grade — bay A1",WF-CUB-01,CUB,,false,electrical,2026-08-29T09:18:00-07:00,2026-09-02T12:18:00-07:00,33.0,3.3,CAL-6x10,6,,,2026-08-29T09:18:00-07:00,2026-09-02T12:18:00-07:00,2026-12-21T14:00:00-07:00,2026-12-28T07:00:00-07:00,94.47,94.47,false,false,,,,IWP-CUB-01
A-1148,CUB.YARD.02,Excavation & subgrade prep — CUB grade — bay B1,WF-CUB-02,CUB,,false,sitework,2026-08-14T11:00:00-07:00,2026-08-17T14:48:00-07:00,23.8,2.38,CAL-6x10,5,,,2026-08-14T11:00:00-07:00,2026-08-17T14:48:00-07:00,2026-12-26T09:54:00-07:00,2026-12-29T13:42:00-07:00,109.89,0.0,false,false,,,,IWP-CUB-02
A-1149,CUB.YARD.02,Equipment pad pour — CUB grade — bay B1,WF-CUB-02,CUB,concrete_cip_hot_weather,true,structural,2026-08-17T14:48:00-07:00,2026-08-18T12:18:00-07:00,7.5,0.75,CAL-6x10,10,112.7,m3,2026-08-17T14:48:00-07:00,2026-08-18T12:18:00-07:00,2026-12-29T13:42:00-07:00,2026-12-30T11:12:00-07:00,109.89,0.0,false,false,,,,IWP-CUB-02
A-1150,CUB.YARD.02,Anchor bolt & adhesive anchor set — CUB grade — bay B1,WF-CUB-02,CUB,adhesive_anchor_epoxy,true,structural,2026-08-21T06:18:00-07:00,2026-08-21T10:36:00-07:00,4.3,0.43,CAL-6x10,3,137.0,ea,2026-08-21T06:18:00-07:00,2026-08-21T10:36:00-07:00,2027-01-02T15:12:00-07:00,2027-01-04T09:30:00-07:00,109.89,0.0,false,false,,,,IWP-CUB-02
A-1151,CUB.YARD.02,Equipment set & alignment — CUB grade — bay B1,WF-CUB-02,CUB,,false,mechanical,2026-08-21T10:36:00-07:00,2026-08-25T08:12:00-07:00,27.6,2.76,CAL-6x10,6,,,2026-08-21T10:36:00-07:00,2026-08-25T08:12:00-07:00,2027-01-04T09:30:00-07:00,2027-01-07T07:06:00-07:00,109.89,0.0,false,false,,,,IWP-CUB-02
A-1152,CUB.YARD.02,Pipe rack erection — CUB grade — bay B1,WF-CUB-02,CUB,,false,mechanical,2026-08-25T08:12:00-07:00,2026-08-27T11:12:00-07:00,23.0,2.3,CAL-6x10,6,,,2026-08-25T08:12:00-07:00,2026-08-27T11:12:00-07:00,2027-01-07T07:06:00-07:00,2027-01-09T10:06:00-07:00,109.89,0.0,false,false,,,,IWP-CUB-02
A-1153,CUB.YARD.02,Pipe rack & equipment coating — CUB grade — bay B1,WF-CUB-02,CUB,coating_epoxy_structural_steel,true,mechanical,2026-08-27T11:12:00-07:00,2026-08-28T08:24:00-07:00,7.2,0.72,CAL-6x10,4,1673.2,m2,2026-08-27T11:12:00-07:00,2026-08-28T08:24:00-07:00,2027-01-09T10:06:00-07:00,2027-01-11T07:18:00-07:00,109.89,0.0,false,false,,,,IWP-CUB-02
A-1154,CUB.YARD.02,"Conduit, grounding & terminations — CUB grade — bay B1",WF-CUB-02,CUB,,false,electrical,2026-08-29T07:12:00-07:00,2026-09-01T14:30:00-07:00,27.3,2.73,CAL-6x10,6,,,2026-08-29T07:12:00-07:00,2026-09-01T14:30:00-07:00,2027-01-12T06:06:00-07:00,2027-01-14T13:24:00-07:00,109.89,109.89,false,false,,,,IWP-CUB-02
A-1155,CUB.YARD.03,Excavation & subgrade prep — CUB grade — bay C1,WF-CUB-03,CUB,,false,sitework,2026-08-15T11:00:00-07:00,2026-08-18T09:12:00-07:00,18.2,1.82,CAL-6x10,5,,,2026-08-15T11:00:00-07:00,2026-08-18T09:12:00-07:00,2026-12-28T10:12:00-07:00,2026-12-30T08:24:00-07:00,109.92,0.0,false,false,,,,IWP-CUB-03
A-1156,CUB.YARD.03,Equipment pad pour — CUB grade — bay C1,WF-CUB-03,CUB,concrete_cip_hot_weather,true,structural,2026-08-18T09:12:00-07:00,2026-08-19T07:18:00-07:00,8.1,0.81,CAL-6x10,10,121.1,m3,2026-08-18T09:12:00-07:00,2026-08-19T07:18:00-07:00,2026-12-30T08:24:00-07:00,2026-12-31T06:30:00-07:00,109.92,0.0,false,false,,,,IWP-CUB-03
A-1157,CUB.YARD.03,Anchor bolt & adhesive anchor set — CUB grade — bay C1,WF-CUB-03,CUB,adhesive_anchor_epoxy,true,structural,2026-08-21T11:18:00-07:00,2026-08-22T06:18:00-07:00,5.0,0.5,CAL-6x10,3,159.2,ea,2026-08-21T11:18:00-07:00,2026-08-22T06:18:00-07:00,2027-01-04T10:30:00-07:00,2027-01-04T15:30:00-07:00,109.92,0.0,false,false,,,,IWP-CUB-03
A-1158,CUB.YARD.03,Equipment set & alignment — CUB grade — bay C1,WF-CUB-03,CUB,,false,mechanical,2026-08-22T06:18:00-07:00,2026-08-25T14:12:00-07:00,27.9,2.79,CAL-6x10,6,,,2026-08-22T06:18:00-07:00,2026-08-25T14:12:00-07:00,2027-01-04T15:30:00-07:00,2027-01-07T13:24:00-07:00,109.92,0.0,false,false,,,,IWP-CUB-03
A-1159,CUB.YARD.03,Pipe rack erection — CUB grade — bay C1,WF-CUB-03,CUB,,false,mechanical,2026-08-25T14:12:00-07:00,2026-08-27T11:48:00-07:00,17.6,1.76,CAL-6x10,6,,,2026-08-25T14:12:00-07:00,2026-08-27T11:48:00-07:00,2027-01-07T13:24:00-07:00,2027-01-09T11:00:00-07:00,109.92,0.0,false,false,,,,IWP-CUB-03
A-1160,CUB.YARD.03,Pipe rack & equipment coating — CUB grade — bay C1,WF-CUB-03,CUB,coating_epoxy_structural_steel,true,mechanical,2026-08-27T11:48:00-07:00,2026-08-28T07:24:00-07:00,5.6,0.56,CAL-6x10,4,1314.2,m2,2026-08-27T11:48:00-07:00,2026-08-28T07:24:00-07:00,2027-01-09T11:00:00-07:00,2027-01-11T06:36:00-07:00,109.92,0.0,false,false,,,,IWP-CUB-03
A-1161,CUB.YARD.03,"Conduit, grounding & terminations — CUB grade — bay C1",WF-CUB-03,CUB,,false,electrical,2026-08-29T07:48:00-07:00,2026-09-01T14:12:00-07:00,26.4,2.64,CAL-6x10,6,,,2026-08-29T07:48:00-07:00,2026-09-01T14:12:00-07:00,2027-01-12T07:00:00-07:00,2027-01-14T13:24:00-07:00,109.92,109.92,false,false,,,,IWP-CUB-03
A-1162,CUB.YARD.04,Excavation & subgrade prep — CUB L2 — bay A2,WF-CUB-04,CUB,,false,sitework,2026-08-15T07:00:00-07:00,2026-08-17T15:12:00-07:00,18.2,1.82,CAL-6x10,5,,,2026-08-15T07:00:00-07:00,2026-08-17T15:12:00-07:00,2026-12-26T08:12:00-07:00,2026-12-29T06:24:00-07:00,109.12,0.0,false,false,,,,IWP-CUB-04
A-1163,CUB.YARD.04,Equipment pad pour — CUB L2 — bay A2,WF-CUB-04,CUB,concrete_cip_hot_weather,true,structural,2026-08-17T15:12:00-07:00,2026-08-18T12:42:00-07:00,7.5,0.75,CAL-6x10,10,111.8,m3,2026-08-17T15:12:00-07:00,2026-08-18T12:42:00-07:00,2026-12-29T06:24:00-07:00,2026-12-29T13:54:00-07:00,109.12,0.0,false,false,,,,IWP-CUB-04
A-1164,CUB.YARD.04,Anchor bolt & adhesive anchor set — CUB L2 — bay A2,WF-CUB-04,CUB,adhesive_anchor_epoxy,true,structural,2026-08-21T06:42:00-07:00,2026-08-21T11:06:00-07:00,4.4,0.44,CAL-6x10,3,139.2,ea,2026-08-21T06:42:00-07:00,2026-08-21T11:06:00-07:00,2027-01-02T07:54:00-07:00,2027-01-02T12:18:00-07:00,109.12,0.0,false,false,,,,IWP-CUB-04
A-1165,CUB.YARD.04,Equipment set & alignment — CUB L2 — bay A2,WF-CUB-04,CUB,,false,mechanical,2026-08-21T11:06:00-07:00,2026-08-25T11:48:00-07:00,30.7,3.07,CAL-6x10,6,,,2026-08-21T11:06:00-07:00,2026-08-25T11:48:00-07:00,2027-01-02T12:18:00-07:00,2027-01-06T13:00:00-07:00,109.12,0.0,false,false,,,,IWP-CUB-04
A-1166,CUB.YARD.04,Pipe rack erection — CUB L2 — bay A2,WF-CUB-04,CUB,,false,mechanical,2026-08-25T11:48:00-07:00,2026-08-27T15:06:00-07:00,23.3,2.33,CAL-6x10,6,,,2026-08-25T11:48:00-07:00,2026-08-27T15:06:00-07:00,2027-01-06T13:00:00-07:00,2027-01-09T06:18:00-07:00,109.12,0.0,false,false,,,,IWP-CUB-04
A-1167,CUB.YARD.04,Pipe rack & equipment coating — CUB L2 — bay A2,WF-CUB-04,CUB,coating_epoxy_structural_steel,true,mechanical,2026-08-27T15:06:00-07:00,2026-08-28T11:00:00-07:00,5.9,0.59,CAL-6x10,4,1384.8,m2,2026-08-27T15:06:00-07:00,2026-08-28T11:00:00-07:00,2027-01-09T06:18:00-07:00,2027-01-09T12:12:00-07:00,109.12,0.0,false,false,,,,IWP-CUB-04
A-1168,CUB.YARD.04,"Conduit, grounding & terminations — CUB L2 — bay A2",WF-CUB-04,CUB,,false,electrical,2026-08-29T11:06:00-07:00,2026-09-02T12:12:00-07:00,31.1,3.11,CAL-6x10,6,,,2026-08-29T11:06:00-07:00,2026-09-02T12:12:00-07:00,2027-01-11T12:18:00-07:00,2027-01-14T13:24:00-07:00,109.12,109.12,false,false,,,,IWP-CUB-04
A-1169,CUB.YARD.05,Excavation & subgrade prep — CUB L2 — bay B2,WF-CUB-05,CUB,,false,sitework,2026-08-15T13:00:00-07:00,2026-08-18T15:54:00-07:00,22.9,2.29,CAL-6x10,5,,,2026-08-15T13:00:00-07:00,2026-08-18T15:54:00-07:00,2026-12-26T07:18:00-07:00,2026-12-29T10:12:00-07:00,108.43,0.0,false,false,,,,IWP-CUB-05
A-1170,CUB.YARD.05,Equipment pad pour — CUB L2 — bay B2,WF-CUB-05,CUB,concrete_cip_hot_weather,true,structural,2026-08-18T15:54:00-07:00,2026-08-19T13:36:00-07:00,7.7,0.77,CAL-6x10,10,115.9,m3,2026-08-18T15:54:00-07:00,2026-08-19T13:36:00-07:00,2026-12-29T10:12:00-07:00,2026-12-30T07:54:00-07:00,108.43,0.0,false,false,,,City of Phoenix inspector — reinforcing & embed inspection prior to pour,IWP-CUB-05
A-1171,CUB.YARD.05,Anchor bolt & adhesive anchor set — CUB L2 — bay B2,WF-CUB-05,CUB,adhesive_anchor_epoxy,true,structural,2026-08-22T07:36:00-07:00,2026-08-22T12:12:00-07:00,4.6,0.46,CAL-6x10,3,147.2,ea,2026-08-22T07:36:00-07:00,2026-08-22T12:12:00-07:00,2027-01-02T11:54:00-07:00,2027-01-04T06:30:00-07:00,108.43,0.0,false,false,,,,IWP-CUB-05
A-1172,CUB.YARD.05,Equipment set & alignment — CUB L2 — bay B2,WF-CUB-05,CUB,,false,mechanical,2026-08-22T12:12:00-07:00,2026-08-26T12:06:00-07:00,29.9,2.99,CAL-6x10,6,,,2026-08-22T12:12:00-07:00,2026-08-26T12:06:00-07:00,2027-01-04T06:30:00-07:00,2027-01-07T06:24:00-07:00,108.43,0.0,false,false,,,,IWP-CUB-05
A-1173,CUB.YARD.05,Pipe rack erection — CUB L2 — bay B2,WF-CUB-05,CUB,,false,mechanical,2026-08-26T12:06:00-07:00,2026-08-28T12:12:00-07:00,20.1,2.01,CAL-6x10,6,,,2026-08-26T12:06:00-07:00,2026-08-28T12:12:00-07:00,2027-01-07T06:24:00-07:00,2027-01-09T06:30:00-07:00,108.43,0.0,false,false,,,,IWP-CUB-05
A-1174,CUB.YARD.05,Pipe rack & equipment coating — CUB L2 — bay B2,WF-CUB-05,CUB,coating_epoxy_structural_steel,true,mechanical,2026-08-28T12:12:00-07:00,2026-08-29T07:54:00-07:00,5.7,0.57,CAL-6x10,4,1335.1,m2,2026-08-28T12:12:00-07:00,2026-08-29T07:54:00-07:00,2027-01-09T06:30:00-07:00,2027-01-09T12:12:00-07:00,108.43,0.0,false,false,,,,IWP-CUB-05
A-1175,CUB.YARD.05,"Conduit, grounding & terminations — CUB L2 — bay B2",WF-CUB-05,CUB,,false,electrical,2026-08-31T08:12:00-07:00,2026-09-03T09:06:00-07:00,30.9,3.09,CAL-6x10,6,,,2026-08-31T08:12:00-07:00,2026-09-03T09:06:00-07:00,2027-01-11T12:30:00-07:00,2027-01-14T13:24:00-07:00,108.43,108.43,false,false,,,,IWP-CUB-05
A-1176,WHSE.WAREHOUSE.01,Subgrade & vapour barrier — WHSE grade — bay A1,WF-WHSE-01,WHSE,,false,sitework,2026-08-05T10:00:00-07:00,2026-08-07T08:06:00-07:00,18.1,1.81,CAL-6x10,5,,,2026-08-05T10:00:00-07:00,2026-08-07T08:06:00-07:00,2026-12-03T08:36:00-07:00,2026-12-05T06:42:00-07:00,99.86,0.0,false,false,,,,IWP-WHSE-01
A-1177,WHSE.WAREHOUSE.01,Slab on grade pour — WHSE grade — bay A1,WF-WHSE-01,WHSE,concrete_cip_hot_weather,true,structural,2026-08-07T08:06:00-07:00,2026-08-08T06:06:00-07:00,8.0,0.8,CAL-6x10,12,422.5,m3,2026-08-07T08:06:00-07:00,2026-08-08T06:06:00-07:00,2026-12-05T06:42:00-07:00,2026-12-05T14:42:00-07:00,99.86,0.0,false,false,,,,IWP-WHSE-01
A-1178,WHSE.WAREHOUSE.01,Precast panel erection — WHSE grade — bay A1,WF-WHSE-01,WHSE,,false,structural,2026-08-17T08:06:00-07:00,2026-08-20T12:54:00-07:00,34.8,3.48,CAL-6x10,8,,,2026-08-17T08:06:00-07:00,2026-08-20T12:54:00-07:00,2026-12-15T06:42:00-07:00,2026-12-18T11:30:00-07:00,99.86,0.0,false,false,,,,IWP-WHSE-01
A-1179,WHSE.WAREHOUSE.01,Connection weld — WHSE grade — bay A1,WF-WHSE-01,WHSE,structural_welding_preheat,true,structural,2026-08-20T12:54:00-07:00,2026-08-21T10:54:00-07:00,8.0,0.8,CAL-6x10,4,139.3,ea,2026-08-20T12:54:00-07:00,2026-08-21T10:54:00-07:00,2026-12-18T11:30:00-07:00,2026-12-19T09:30:00-07:00,99.86,0.0,false,false,,,,IWP-WHSE-01
A-1180,WHSE.WAREHOUSE.01,Panel joint sealant — WHSE grade — bay A1,WF-WHSE-01,WHSE,sealant_silicone_weatherseal,true,architectural,2026-08-21T10:54:00-07:00,2026-08-22T08:00:00-07:00,7.1,0.71,CAL-6x10,4,1821.7,lf,2026-08-21T10:54:00-07:00,2026-08-22T08:00:00-07:00,2026-12-19T09:30:00-07:00,2026-12-21T06:36:00-07:00,99.86,0.0,false,false,,,,IWP-WHSE-01
A-1181,WHSE.WAREHOUSE.01,Spray-applied fireproofing — WHSE grade — bay A1,WF-WHSE-01,WHSE,sfrm_spray_applied_fireproofing,true,structural,2026-08-22T08:00:00-07:00,2026-08-24T09:06:00-07:00,11.1,1.11,CAL-6x10,6,2673.6,m2,2026-08-22T08:00:00-07:00,2026-08-24T09:06:00-07:00,2026-12-21T06:36:00-07:00,2026-12-22T07:42:00-07:00,99.86,0.0,false,false,,,,IWP-WHSE-01
A-1182,WHSE.WAREHOUSE.01,Interior floor marking — WHSE grade — bay A1,WF-WHSE-01,WHSE,pavement_marking_waterborne,true,architectural,2026-08-26T13:06:00-07:00,2026-08-27T08:24:00-07:00,5.3,0.53,CAL-6x10,4,3360.1,lf,2026-08-26T13:06:00-07:00,2026-08-27T08:24:00-07:00,2026-12-26T11:42:00-07:00,2026-12-28T07:00:00-07:00,99.86,99.86,false,false,,,,IWP-WHSE-01
A-1183,WHSE.WAREHOUSE.02,Subgrade & vapour barrier — WHSE grade — bay B1,WF-WHSE-02,WHSE,,false,sitework,2026-08-07T06:00:00-07:00,2026-08-08T13:54:00-07:00,17.9,1.79,CAL-6x10,5,,,2026-08-07T06:00:00-07:00,2026-08-08T13:54:00-07:00,2026-12-21T07:36:00-07:00,2026-12-22T15:30:00-07:00,113.16,0.0,false,false,,,,IWP-WHSE-02
A-1184,WHSE.WAREHOUSE.02,Slab on grade pour — WHSE grade — bay B1,WF-WHSE-02,WHSE,concrete_cip_hot_weather,true,structural,2026-08-08T13:54:00-07:00,2026-08-10T13:12:00-07:00,9.3,0.93,CAL-6x10,12,489.4,m3,2026-08-08T13:54:00-07:00,2026-08-10T13:12:00-07:00,2026-12-22T15:30:00-07:00,2026-12-23T14:48:00-07:00,113.16,0.0,false,false,,,,IWP-WHSE-02
A-1185,WHSE.WAREHOUSE.02,Precast panel erection — WHSE grade — bay B1,WF-WHSE-02,WHSE,,false,structural,2026-08-18T15:12:00-07:00,2026-08-22T09:06:00-07:00,33.9,3.39,CAL-6x10,8,,,2026-08-18T15:12:00-07:00,2026-08-22T09:06:00-07:00,2027-01-05T06:48:00-07:00,2027-01-08T10:42:00-07:00,113.16,0.0,false,false,,,,IWP-WHSE-02
A-1186,WHSE.WAREHOUSE.02,Connection weld — WHSE grade — bay B1,WF-WHSE-02,WHSE,structural_welding_preheat,true,structural,2026-08-22T09:06:00-07:00,2026-08-24T06:12:00-07:00,7.1,0.71,CAL-6x10,4,125.0,ea,2026-08-22T09:06:00-07:00,2026-08-24T06:12:00-07:00,2027-01-08T10:42:00-07:00,2027-01-09T07:48:00-07:00,113.16,0.0,false,false,,,,IWP-WHSE-02
A-1187,WHSE.WAREHOUSE.02,Panel joint sealant — WHSE grade — bay B1,WF-WHSE-02,WHSE,sealant_silicone_weatherseal,true,architectural,2026-08-24T06:12:00-07:00,2026-08-24T12:18:00-07:00,6.1,0.61,CAL-6x10,4,1579.4,lf,2026-08-24T06:12:00-07:00,2026-08-24T12:18:00-07:00,2027-01-09T07:48:00-07:00,2027-01-09T13:54:00-07:00,113.16,0.0,false,false,,,,IWP-WHSE-02
A-1188,WHSE.WAREHOUSE.02,Spray-applied fireproofing — WHSE grade — bay B1,WF-WHSE-02,WHSE,sfrm_spray_applied_fireproofing,true,structural,2026-08-24T12:18:00-07:00,2026-08-25T12:18:00-07:00,10.0,1.0,CAL-6x10,6,2390.0,m2,2026-08-24T12:18:00-07:00,2026-08-25T12:18:00-07:00,2027-01-09T13:54:00-07:00,2027-01-11T13:54:00-07:00,113.16,0.0,false,false,,,,IWP-WHSE-02
A-1189,WHSE.WAREHOUSE.02,Interior floor marking — WHSE grade — bay B1,WF-WHSE-02,WHSE,pavement_marking_waterborne,true,architectural,2026-08-28T06:18:00-07:00,2026-08-28T11:48:00-07:00,5.5,0.55,CAL-6x10,4,3502.4,lf,2026-08-28T06:18:00-07:00,2026-08-28T11:48:00-07:00,2027-01-14T07:54:00-07:00,2027-01-14T13:24:00-07:00,113.16,113.16,false,false,,,,IWP-WHSE-02
A-1190,WHSE.WAREHOUSE.03,Subgrade & vapour barrier — WHSE grade — bay A2,WF-WHSE-03,WHSE,,false,sitework,2026-08-07T10:00:00-07:00,2026-08-08T15:54:00-07:00,15.9,1.59,CAL-6x10,5,,,2026-08-07T10:00:00-07:00,2026-08-08T15:54:00-07:00,2026-12-21T13:36:00-07:00,2026-12-23T09:30:00-07:00,113.36,0.0,false,false,,,,IWP-WHSE-03
A-1191,WHSE.WAREHOUSE.03,Slab on grade pour — WHSE grade — bay A2,WF-WHSE-03,WHSE,concrete_cip_hot_weather,true,structural,2026-08-08T15:54:00-07:00,2026-08-10T13:18:00-07:00,7.4,0.74,CAL-6x10,12,387.2,m3,2026-08-08T15:54:00-07:00,2026-08-10T13:18:00-07:00,2026-12-23T09:30:00-07:00,2026-12-26T06:54:00-07:00,113.36,0.0,false,false,,,,IWP-WHSE-03
A-1192,WHSE.WAREHOUSE.03,Precast panel erection — WHSE grade — bay A2,WF-WHSE-03,WHSE,,false,structural,2026-08-18T15:18:00-07:00,2026-08-21T15:30:00-07:00,30.2,3.02,CAL-6x10,8,,,2026-08-18T15:18:00-07:00,2026-08-21T15:30:00-07:00,2027-01-05T08:54:00-07:00,2027-01-08T09:06:00-07:00,113.36,0.0,false,false,,,,IWP-WHSE-03
A-1193,WHSE.WAREHOUSE.03,Connection weld — WHSE grade — bay A2,WF-WHSE-03,WHSE,structural_welding_preheat,true,structural,2026-08-21T15:30:00-07:00,2026-08-22T14:12:00-07:00,8.7,0.87,CAL-6x10,4,153.0,ea,2026-08-21T15:30:00-07:00,2026-08-22T14:12:00-07:00,2027-01-08T09:06:00-07:00,2027-01-09T07:48:00-07:00,113.36,0.0,false,false,,,,IWP-WHSE-03
A-1194,WHSE.WAREHOUSE.03,Panel joint sealant — WHSE grade — bay A2,WF-WHSE-03,WHSE,sealant_silicone_weatherseal,true,architectural,2026-08-22T14:12:00-07:00,2026-08-24T10:36:00-07:00,6.4,0.64,CAL-6x10,4,1647.8,lf,2026-08-22T14:12:00-07:00,2026-08-24T10:36:00-07:00,2027-01-09T07:48:00-07:00,2027-01-09T14:12:00-07:00,113.36,0.0,false,false,,,,IWP-WHSE-03
A-1195,WHSE.WAREHOUSE.03,Spray-applied fireproofing — WHSE grade — bay A2,WF-WHSE-03,WHSE,sfrm_spray_applied_fireproofing,true,structural,2026-08-24T10:36:00-07:00,2026-08-25T11:06:00-07:00,10.5,1.05,CAL-6x10,6,2528.0,m2,2026-08-24T10:36:00-07:00,2026-08-25T11:06:00-07:00,2027-01-09T14:12:00-07:00,2027-01-11T14:42:00-07:00,113.36,0.0,false,false,,,,IWP-WHSE-03
A-1196,WHSE.WAREHOUSE.03,Interior floor marking — WHSE grade — bay A2,WF-WHSE-03,WHSE,pavement_marking_waterborne,true,architectural,2026-08-27T15:06:00-07:00,2026-08-28T09:48:00-07:00,4.7,0.47,CAL-6x10,4,2997.3,lf,2026-08-27T15:06:00-07:00,2026-08-28T09:48:00-07:00,2027-01-14T08:42:00-07:00,2027-01-14T13:24:00-07:00,113.36,113.36,false,false,,,,IWP-WHSE-03
A-1197,WHSE.WAREHOUSE.04,Subgrade & vapour barrier — WHSE grade — bay B2,WF-WHSE-04,WHSE,,false,sitework,2026-08-07T11:00:00-07:00,2026-08-10T06:42:00-07:00,15.7,1.57,CAL-6x10,5,,,2026-08-07T11:00:00-07:00,2026-08-10T06:42:00-07:00,2026-12-21T15:00:00-07:00,2026-12-23T10:42:00-07:00,113.4,0.0,false,false,,,,IWP-WHSE-04
A-1198,WHSE.WAREHOUSE.04,Slab on grade pour — WHSE grade — bay B2,WF-WHSE-04,WHSE,concrete_cip_hot_weather,true,structural,2026-08-10T06:42:00-07:00,2026-08-10T15:48:00-07:00,9.1,0.91,CAL-6x10,12,479.8,m3,2026-08-10T06:42:00-07:00,2026-08-10T15:48:00-07:00,2026-12-23T10:42:00-07:00,2026-12-26T09:48:00-07:00,113.4,0.0,false,false,,,,IWP-WHSE-04
A-1199,WHSE.WAREHOUSE.04,Precast panel erection — WHSE grade — bay B2,WF-WHSE-04,WHSE,,false,structural,2026-08-19T07:48:00-07:00,2026-08-21T13:48:00-07:00,26.0,2.6,CAL-6x10,8,,,2026-08-19T07:48:00-07:00,2026-08-21T13:48:00-07:00,2027-01-05T11:48:00-07:00,2027-01-08T07:48:00-07:00,113.4,0.0,false,false,,,,IWP-WHSE-04
A-1200,WHSE.WAREHOUSE.04,Connection weld — WHSE grade — bay B2,WF-WHSE-04,WHSE,structural_welding_preheat,true,structural,2026-08-21T13:48:00-07:00,2026-08-22T12:12:00-07:00,8.4,0.84,CAL-6x10,4,146.4,ea,2026-08-21T13:48:00-07:00,2026-08-22T12:12:00-07:00,2027-01-08T07:48:00-07:00,2027-01-09T06:12:00-07:00,113.4,0.0,false,false,,,,IWP-WHSE-04
A-1201,WHSE.WAREHOUSE.04,Panel joint sealant — WHSE grade — bay B2,WF-WHSE-04,WHSE,sealant_silicone_weatherseal,true,architectural,2026-08-22T12:12:00-07:00,2026-08-24T10:18:00-07:00,8.1,0.81,CAL-6x10,4,2087.0,lf,2026-08-22T12:12:00-07:00,2026-08-24T10:18:00-07:00,2027-01-09T06:12:00-07:00,2027-01-09T14:18:00-07:00,113.4,0.0,false,false,,,,IWP-WHSE-04
A-1202,WHSE.WAREHOUSE.04,Spray-applied fireproofing — WHSE grade — bay B2,WF-WHSE-04,WHSE,sfrm_spray_applied_fireproofing,true,structural,2026-08-24T10:18:00-07:00,2026-08-25T10:54:00-07:00,10.6,1.06,CAL-6x10,6,2535.0,m2,2026-08-24T10:18:00-07:00,2026-08-25T10:54:00-07:00,2027-01-09T14:18:00-07:00,2027-01-11T14:54:00-07:00,113.4,0.0,false,false,,,,IWP-WHSE-04
A-1203,WHSE.WAREHOUSE.04,Interior floor marking — WHSE grade — bay B2,WF-WHSE-04,WHSE,pavement_marking_waterborne,true,architectural,2026-08-27T14:54:00-07:00,2026-08-28T09:24:00-07:00,4.5,0.45,CAL-6x10,4,2856.5,lf,2026-08-27T14:54:00-07:00,2026-08-28T09:24:00-07:00,2027-01-14T08:54:00-07:00,2027-01-14T13:24:00-07:00,113.4,113.4,false,false,,,,IWP-WHSE-04
A-1204,CT.YARD.01,Excavation & subgrade prep — CT grade — bay A1,WF-CT-01,CT,,false,sitework,2026-08-19T15:00:00-07:00,2026-08-22T07:42:00-07:00,22.7,2.27,CAL-6x10,5,,,2026-08-19T15:00:00-07:00,2026-08-22T07:42:00-07:00,2026-12-26T09:30:00-07:00,2026-12-29T12:12:00-07:00,105.45,0.0,false,false,,,,IWP-CT-01
A-1205,CT.YARD.01,Equipment pad pour — CT grade — bay A1,WF-CT-01,CT,concrete_cip_hot_weather,true,structural,2026-08-22T07:42:00-07:00,2026-08-24T06:54:00-07:00,9.2,0.92,CAL-6x10,10,138.5,m3,2026-08-22T07:42:00-07:00,2026-08-24T06:54:00-07:00,2026-12-29T12:12:00-07:00,2026-12-30T11:24:00-07:00,105.45,0.0,false,false,,,City of Phoenix inspector — reinforcing & embed inspection prior to pour,IWP-CT-01
A-1206,CT.YARD.01,Anchor bolt & adhesive anchor set — CT grade — bay A1,WF-CT-01,CT,adhesive_anchor_epoxy,true,structural,2026-08-26T10:54:00-07:00,2026-08-27T06:00:00-07:00,5.1,0.51,CAL-6x10,3,164.2,ea,2026-08-26T10:54:00-07:00,2026-08-27T06:00:00-07:00,2027-01-02T15:24:00-07:00,2027-01-04T10:30:00-07:00,105.45,0.0,false,false,,,,IWP-CT-01
A-1207,CT.YARD.01,Equipment set & alignment — CT grade — bay A1,WF-CT-01,CT,,false,mechanical,2026-08-27T06:00:00-07:00,2026-08-29T11:36:00-07:00,25.6,2.56,CAL-6x10,6,,,2026-08-27T06:00:00-07:00,2026-08-29T11:36:00-07:00,2027-01-04T10:30:00-07:00,2027-01-07T06:06:00-07:00,105.45,0.0,false,false,,,,IWP-CT-01
A-1208,CT.YARD.01,Pipe rack erection — CT grade — bay A1,WF-CT-01,CT,,false,mechanical,2026-08-29T11:36:00-07:00,2026-09-01T09:00:00-07:00,17.4,1.74,CAL-6x10,6,,,2026-08-29T11:36:00-07:00,2026-09-01T09:00:00-07:00,2027-01-07T06:06:00-07:00,2027-01-08T13:30:00-07:00,105.45,0.0,false,false,,,,IWP-CT-01
A-1209,CT.YARD.01,Pipe rack & equipment coating — CT grade — bay A1,WF-CT-01,CT,coating_epoxy_structural_steel,true,mechanical,2026-09-01T09:00:00-07:00,2026-09-01T14:24:00-07:00,5.4,0.54,CAL-6x10,4,1269.1,m2,2026-09-01T09:00:00-07:00,2026-09-01T14:24:00-07:00,2027-01-08T13:30:00-07:00,2027-01-09T08:54:00-07:00,105.45,0.0,false,false,,,,IWP-CT-01
A-1210,CT.YARD.01,"Conduit, grounding & terminations — CT grade — bay A1",WF-CT-01,CT,,false,electrical,2026-09-02T15:00:00-07:00,2026-09-08T08:54:00-07:00,33.9,3.39,CAL-6x10,6,,,2026-09-02T15:00:00-07:00,2026-09-08T08:54:00-07:00,2027-01-11T09:30:00-07:00,2027-01-14T13:24:00-07:00,105.45,105.45,false,false,,,,IWP-CT-01
A-1211,CT.YARD.02,Excavation & subgrade prep — CT grade — bay B1,WF-CT-02,CT,,false,sitework,2026-08-19T06:00:00-07:00,2026-08-20T13:12:00-07:00,17.2,1.72,CAL-6x10,5,,,2026-08-19T06:00:00-07:00,2026-08-20T13:12:00-07:00,2026-12-23T13:12:00-07:00,2026-12-28T10:24:00-07:00,105.72,0.0,false,false,,,,IWP-CT-02
A-1212,CT.YARD.02,Equipment pad pour — CT grade — bay B1,WF-CT-02,CT,concrete_cip_hot_weather,true,structural,2026-08-20T13:12:00-07:00,2026-08-21T10:30:00-07:00,7.3,0.73,CAL-6x10,10,109.0,m3,2026-08-20T13:12:00-07:00,2026-08-21T10:30:00-07:00,2026-12-28T10:24:00-07:00,2026-12-29T07:42:00-07:00,105.72,0.0,false,false,,,,IWP-CT-02
A-1213,CT.YARD.02,Anchor bolt & adhesive anchor set — CT grade — bay B1,WF-CT-02,CT,adhesive_anchor_epoxy,true,structural,2026-08-24T14:30:00-07:00,2026-08-25T10:24:00-07:00,5.9,0.59,CAL-6x10,3,189.2,ea,2026-08-24T14:30:00-07:00,2026-08-25T10:24:00-07:00,2026-12-31T11:42:00-07:00,2027-01-02T07:36:00-07:00,105.72,0.0,false,false,,,,IWP-CT-02
A-1214,CT.YARD.02,Equipment set & alignment — CT grade — bay B1,WF-CT-02,CT,,false,mechanical,2026-08-25T10:24:00-07:00,2026-08-28T15:24:00-07:00,35.0,3.5,CAL-6x10,6,,,2026-08-25T10:24:00-07:00,2026-08-28T15:24:00-07:00,2027-01-02T07:36:00-07:00,2027-01-06T12:36:00-07:00,105.72,0.0,false,false,,,,IWP-CT-02
A-1215,CT.YARD.02,Pipe rack erection — CT grade — bay B1,WF-CT-02,CT,,false,mechanical,2026-08-28T15:24:00-07:00,2026-09-01T09:00:00-07:00,23.6,2.36,CAL-6x10,6,,,2026-08-28T15:24:00-07:00,2026-09-01T09:00:00-07:00,2027-01-06T12:36:00-07:00,2027-01-09T06:12:00-07:00,105.72,0.0,false,false,,,,IWP-CT-02
A-1216,CT.YARD.02,Pipe rack & equipment coating — CT grade — bay B1,WF-CT-02,CT,coating_epoxy_structural_steel,true,mechanical,2026-09-01T09:00:00-07:00,2026-09-01T14:42:00-07:00,5.7,0.57,CAL-6x10,4,1325.4,m2,2026-09-01T09:00:00-07:00,2026-09-01T14:42:00-07:00,2027-01-09T06:12:00-07:00,2027-01-09T11:54:00-07:00,105.72,0.0,false,false,,,,IWP-CT-02
A-1217,CT.YARD.02,"Conduit, grounding & terminations — CT grade — bay B1",WF-CT-02,CT,,false,electrical,2026-09-02T15:00:00-07:00,2026-09-08T06:12:00-07:00,31.2,3.12,CAL-6x10,6,,,2026-09-02T15:00:00-07:00,2026-09-08T06:12:00-07:00,2027-01-11T12:12:00-07:00,2027-01-14T13:24:00-07:00,105.72,105.72,false,false,,,,IWP-CT-02
A-1218,CT.YARD.03,Excavation & subgrade prep — CT L2 — bay A2,WF-CT-03,CT,,false,sitework,2026-08-19T07:00:00-07:00,2026-08-21T08:12:00-07:00,21.2,2.12,CAL-6x10,5,,,2026-08-19T07:00:00-07:00,2026-08-21T08:12:00-07:00,2026-12-23T07:48:00-07:00,2026-12-28T09:00:00-07:00,105.08,0.0,false,false,,,,IWP-CT-03
A-1219,CT.YARD.03,Equipment pad pour — CT L2 — bay A2,WF-CT-03,CT,concrete_cip_hot_weather,true,structural,2026-08-21T08:12:00-07:00,2026-08-22T07:30:00-07:00,9.3,0.93,CAL-6x10,10,139.2,m3,2026-08-21T08:12:00-07:00,2026-08-22T07:30:00-07:00,2026-12-28T09:00:00-07:00,2026-12-29T08:18:00-07:00,105.08,0.0,false,false,,,,IWP-CT-03
A-1220,CT.YARD.03,Anchor bolt & adhesive anchor set — CT L2 — bay A2,WF-CT-03,CT,adhesive_anchor_epoxy,true,structural,2026-08-25T11:30:00-07:00,2026-08-26T06:00:00-07:00,4.5,0.45,CAL-6x10,3,143.5,ea,2026-08-25T11:30:00-07:00,2026-08-26T06:00:00-07:00,2026-12-31T12:18:00-07:00,2027-01-02T06:48:00-07:00,105.08,0.0,false,false,,,,IWP-CT-03
A-1221,CT.YARD.03,Equipment set & alignment — CT L2 — bay A2,WF-CT-03,CT,,false,mechanical,2026-08-26T06:00:00-07:00,2026-08-29T11:18:00-07:00,35.3,3.53,CAL-6x10,6,,,2026-08-26T06:00:00-07:00,2026-08-29T11:18:00-07:00,2027-01-02T06:48:00-07:00,2027-01-06T12:06:00-07:00,105.08,0.0,false,false,,,,IWP-CT-03
A-1222,CT.YARD.03,Pipe rack erection — CT L2 — bay A2,WF-CT-03,CT,,false,mechanical,2026-08-29T11:18:00-07:00,2026-09-01T10:42:00-07:00,19.4,1.94,CAL-6x10,6,,,2026-08-29T11:18:00-07:00,2026-09-01T10:42:00-07:00,2027-01-06T12:06:00-07:00,2027-01-08T11:30:00-07:00,105.08,0.0,false,false,,,,IWP-CT-03
A-1223,CT.YARD.03,Pipe rack & equipment coating — CT L2 — bay A2,WF-CT-03,CT,coating_epoxy_structural_steel,true,mechanical,2026-09-01T10:42:00-07:00,2026-09-02T07:06:00-07:00,6.4,0.64,CAL-6x10,4,1489.6,m2,2026-09-01T10:42:00-07:00,2026-09-02T07:06:00-07:00,2027-01-08T11:30:00-07:00,2027-01-09T07:54:00-07:00,105.08,0.0,false,false,,,,IWP-CT-03
A-1224,CT.YARD.03,"Conduit, grounding & terminations — CT L2 — bay A2",WF-CT-03,CT,,false,electrical,2026-09-03T06:42:00-07:00,2026-09-08T12:36:00-07:00,35.9,3.59,CAL-6x10,6,,,2026-09-03T06:42:00-07:00,2026-09-08T12:36:00-07:00,2027-01-11T07:30:00-07:00,2027-01-14T13:24:00-07:00,105.08,105.08,false,false,,,,IWP-CT-03
A-1225,SUB.YARD.01,Excavation & duct bank — SUB grade — bay A1,WF-SUB-01,SUB,,false,sitework,2026-08-07T15:00:00-07:00,2026-08-11T13:36:00-07:00,28.6,2.86,CAL-6x10,6,,,2026-08-07T15:00:00-07:00,2026-08-11T13:36:00-07:00,2026-12-23T15:48:00-07:00,2026-12-29T14:24:00-07:00,115.08,0.0,false,false,,,,IWP-SUB-01
A-1226,SUB.YARD.01,Duct bank encasement pour — SUB grade — bay A1,WF-SUB-01,SUB,concrete_cip_hot_weather,true,electrical,2026-08-11T13:36:00-07:00,2026-08-12T12:54:00-07:00,9.3,0.93,CAL-6x10,8,110.7,m3,2026-08-11T13:36:00-07:00,2026-08-12T12:54:00-07:00,2026-12-29T14:24:00-07:00,2026-12-30T13:42:00-07:00,115.08,0.0,false,false,,,,IWP-SUB-01
A-1227,SUB.YARD.01,Transformer pad pour — SUB grade — bay A1,WF-SUB-01,SUB,concrete_cip_hot_weather,true,structural,2026-08-15T06:54:00-07:00,2026-08-15T14:18:00-07:00,7.4,0.74,CAL-6x10,10,128.9,m3,2026-08-15T06:54:00-07:00,2026-08-15T14:18:00-07:00,2027-01-04T07:42:00-07:00,2027-01-04T15:06:00-07:00,115.08,0.0,false,false,,,,IWP-SUB-01
A-1228,SUB.YARD.01,Anchor & baseplate grout — SUB grade — bay A1,WF-SUB-01,SUB,adhesive_anchor_epoxy,true,structural,2026-08-19T08:18:00-07:00,2026-08-19T14:12:00-07:00,5.9,0.59,CAL-6x10,3,130.8,ea,2026-08-19T08:18:00-07:00,2026-08-19T14:12:00-07:00,2027-01-07T09:06:00-07:00,2027-01-07T15:00:00-07:00,115.08,0.0,false,false,,,,IWP-SUB-01
A-1229,SUB.YARD.01,Switchgear set — SUB grade — bay A1,WF-SUB-01,SUB,,false,electrical,2026-08-19T14:12:00-07:00,2026-08-21T11:36:00-07:00,17.4,1.74,CAL-6x10,5,,,2026-08-19T14:12:00-07:00,2026-08-21T11:36:00-07:00,2027-01-07T15:00:00-07:00,2027-01-09T12:24:00-07:00,115.08,0.0,false,false,,,,IWP-SUB-01
A-1230,SUB.YARD.01,Steel structure coating touch-up — SUB grade — bay A1,WF-SUB-01,SUB,coating_epoxy_structural_steel,true,structural,2026-08-21T11:36:00-07:00,2026-08-22T07:48:00-07:00,6.2,0.62,CAL-6x10,4,927.6,m2,2026-08-21T11:36:00-07:00,2026-08-22T07:48:00-07:00,2027-01-09T12:24:00-07:00,2027-01-11T08:36:00-07:00,115.08,0.0,false,false,,,,IWP-SUB-01
A-1231,SUB.YARD.01,Cable pull & termination — SUB grade — bay A1,WF-SUB-01,SUB,,false,electrical,2026-08-22T07:48:00-07:00,2026-08-26T12:36:00-07:00,34.8,3.48,CAL-6x10,6,,,2026-08-22T07:48:00-07:00,2026-08-26T12:36:00-07:00,2027-01-11T08:36:00-07:00,2027-01-14T13:24:00-07:00,115.08,115.08,false,false,,,,IWP-SUB-01
A-1232,SUB.YARD.02,Excavation & duct bank — SUB grade — bay B1,WF-SUB-02,SUB,,false,sitework,2026-08-10T09:00:00-07:00,2026-08-13T07:06:00-07:00,28.1,2.81,CAL-6x10,6,,,2026-08-10T09:00:00-07:00,2026-08-13T07:06:00-07:00,2026-08-10T15:00:00-07:00,2026-08-13T13:06:00-07:00,0.6,0.0,false,true,,,,IWP-SUB-02
A-1233,SUB.YARD.02,Duct bank encasement pour — SUB grade — bay B1,WF-SUB-02,SUB,concrete_cip_hot_weather,true,electrical,2026-08-13T07:06:00-07:00,2026-08-14T06:00:00-07:00,8.9,0.89,CAL-6x10,8,105.4,m3,2026-08-13T07:06:00-07:00,2026-08-14T06:00:00-07:00,2026-08-13T13:06:00-07:00,2026-08-14T12:00:00-07:00,0.6,0.0,false,true,,,,IWP-SUB-02
A-1234,SUB.YARD.02,Transformer pad pour — SUB grade — bay B1,WF-SUB-02,SUB,concrete_cip_hot_weather,true,structural,2026-08-17T10:00:00-07:00,2026-08-18T07:54:00-07:00,7.9,0.79,CAL-6x10,10,138.2,m3,2026-08-17T10:00:00-07:00,2026-08-18T07:54:00-07:00,2026-08-18T06:00:00-07:00,2026-08-18T13:54:00-07:00,0.6,0.0,false,true,,,,IWP-SUB-02
A-1235,SUB.YARD.02,Anchor & baseplate grout — SUB grade — bay B1,WF-SUB-02,SUB,adhesive_anchor_epoxy,true,structural,2026-08-20T11:54:00-07:00,2026-08-21T06:36:00-07:00,4.7,0.47,CAL-6x10,3,103.3,ea,2026-08-20T11:54:00-07:00,2026-08-21T06:36:00-07:00,2026-08-21T07:54:00-07:00,2026-08-21T12:36:00-07:00,0.6,0.0,false,true,,,,IWP-SUB-02
A-1236,SUB.YARD.02,Switchgear set — SUB grade — bay B1,WF-SUB-02,SUB,,false,electrical,2026-08-21T06:36:00-07:00,2026-08-22T14:30:00-07:00,17.9,1.79,CAL-6x10,5,,,2026-08-21T06:36:00-07:00,2026-08-22T14:30:00-07:00,2026-08-21T12:36:00-07:00,2026-08-24T10:30:00-07:00,0.6,0.0,false,true,,,,IWP-SUB-02
A-1237,SUB.YARD.02,Steel structure coating touch-up — SUB grade — bay B1,WF-SUB-02,SUB,coating_epoxy_structural_steel,true,structural,2026-08-22T14:30:00-07:00,2026-08-24T10:48:00-07:00,6.3,0.63,CAL-6x10,4,947.5,m2,2026-08-22T14:30:00-07:00,2026-08-24T10:48:00-07:00,2026-08-24T10:30:00-07:00,2026-08-25T06:48:00-07:00,0.6,0.0,false,true,,,,IWP-SUB-02
A-1238,SUB.YARD.02,Cable pull & termination — SUB grade — bay B1,WF-SUB-02,SUB,,false,electrical,2026-08-24T10:48:00-07:00,2026-08-28T06:42:00-07:00,35.9,3.59,CAL-6x10,6,,,2026-08-24T10:48:00-07:00,2026-08-28T06:42:00-07:00,2026-08-25T06:48:00-07:00,2026-08-28T12:42:00-07:00,0.6,0.6,false,true,2026-08-28T12:42:00-07:00,MS-340 Substation energisation (utility coordinated),,IWP-SUB-02
A-1239,SUB.YARD.03,Excavation & duct bank — SUB L2 — bay A2,WF-SUB-03,SUB,,false,sitework,2026-08-07T12:00:00-07:00,2026-08-11T08:54:00-07:00,26.9,2.69,CAL-6x10,6,,,2026-08-07T12:00:00-07:00,2026-08-11T08:54:00-07:00,2026-12-22T14:00:00-07:00,2026-12-28T10:54:00-07:00,114.2,0.0,false,false,,,,IWP-SUB-03
A-1240,SUB.YARD.03,Duct bank encasement pour — SUB L2 — bay A2,WF-SUB-03,SUB,concrete_cip_hot_weather,true,electrical,2026-08-11T08:54:00-07:00,2026-08-12T07:24:00-07:00,8.5,0.85,CAL-6x10,8,101.2,m3,2026-08-11T08:54:00-07:00,2026-08-12T07:24:00-07:00,2026-12-28T10:54:00-07:00,2026-12-29T09:24:00-07:00,114.2,0.0,false,false,,,,IWP-SUB-03
A-1241,SUB.YARD.03,Transformer pad pour — SUB L2 — bay A2,WF-SUB-03,SUB,concrete_cip_hot_weather,true,structural,2026-08-14T11:24:00-07:00,2026-08-15T10:18:00-07:00,8.9,0.89,CAL-6x10,10,156.0,m3,2026-08-14T11:24:00-07:00,2026-08-15T10:18:00-07:00,2026-12-31T13:24:00-07:00,2027-01-02T12:18:00-07:00,114.2,0.0,false,false,,,,IWP-SUB-03
A-1242,SUB.YARD.03,Anchor & baseplate grout — SUB L2 — bay A2,WF-SUB-03,SUB,adhesive_anchor_epoxy,true,structural,2026-08-18T14:18:00-07:00,2026-08-19T08:42:00-07:00,4.4,0.44,CAL-6x10,3,97.6,ea,2026-08-18T14:18:00-07:00,2026-08-19T08:42:00-07:00,2027-01-06T06:18:00-07:00,2027-01-06T10:42:00-07:00,114.2,0.0,false,false,,,,IWP-SUB-03
A-1243,SUB.YARD.03,Switchgear set — SUB L2 — bay A2,WF-SUB-03,SUB,,false,electrical,2026-08-19T08:42:00-07:00,2026-08-21T10:30:00-07:00,21.8,2.18,CAL-6x10,5,,,2026-08-19T08:42:00-07:00,2026-08-21T10:30:00-07:00,2027-01-06T10:42:00-07:00,2027-01-08T12:30:00-07:00,114.2,0.0,false,false,,,,IWP-SUB-03
A-1244,SUB.YARD.03,Steel structure coating touch-up — SUB L2 — bay A2,WF-SUB-03,SUB,coating_epoxy_structural_steel,true,structural,2026-08-21T10:30:00-07:00,2026-08-22T06:30:00-07:00,6.0,0.6,CAL-6x10,4,902.5,m2,2026-08-21T10:30:00-07:00,2026-08-22T06:30:00-07:00,2027-01-08T12:30:00-07:00,2027-01-09T08:30:00-07:00,114.2,0.0,false,false,,,,IWP-SUB-03
A-1245,SUB.YARD.03,Cable pull & termination — SUB L2 — bay A2,WF-SUB-03,SUB,,false,electrical,2026-08-22T06:30:00-07:00,2026-08-27T11:24:00-07:00,44.9,4.49,CAL-6x10,6,,,2026-08-22T06:30:00-07:00,2026-08-27T11:24:00-07:00,2027-01-09T08:30:00-07:00,2027-01-14T13:24:00-07:00,114.2,114.2,false,false,,,,IWP-SUB-03
A-1246,BULK.CMU.01,Footing excavation — BULK grade — bay A1,WF-BULK-01,BULK,,false,sitework,2026-08-15T11:00:00-07:00,2026-08-17T15:36:00-07:00,14.6,1.46,CAL-6x10,4,,,2026-08-15T11:00:00-07:00,2026-08-17T15:36:00-07:00,2026-12-18T12:36:00-07:00,2026-12-21T07:12:00-07:00,104.16,0.0,false,false,,,,IWP-BULK-01
A-1247,BULK.CMU.01,Foundation pour — BULK grade — bay A1,WF-BULK-01,BULK,concrete_cip_hot_weather,true,structural,2026-08-17T15:36:00-07:00,2026-08-18T14:12:00-07:00,8.6,0.86,CAL-6x10,10,193.8,m3,2026-08-17T15:36:00-07:00,2026-08-18T14:12:00-07:00,2026-12-21T07:12:00-07:00,2026-12-21T15:48:00-07:00,104.16,0.0,false,false,,,City of Phoenix inspector — reinforcing & embed inspection prior to pour,IWP-BULK-01
A-1248,BULK.CMU.01,CMU wall construction — BULK grade — bay A1,WF-BULK-01,BULK,masonry_cmu_hot_weather,true,architectural,2026-08-24T12:12:00-07:00,2026-08-25T11:36:00-07:00,9.4,0.94,CAL-6x10,8,987.5,m2,2026-08-24T12:12:00-07:00,2026-08-25T11:36:00-07:00,2026-12-29T13:48:00-07:00,2026-12-30T13:12:00-07:00,104.16,0.0,false,false,,,,IWP-BULK-01
A-1249,BULK.CMU.01,Bond beam & cell grouting — BULK grade — bay A1,WF-BULK-01,BULK,concrete_cip_hot_weather,true,structural,2026-08-25T11:36:00-07:00,2026-08-26T10:12:00-07:00,8.6,0.86,CAL-6x10,6,48.4,m3,2026-08-25T11:36:00-07:00,2026-08-26T10:12:00-07:00,2026-12-30T13:12:00-07:00,2026-12-31T11:48:00-07:00,104.16,0.0,false,false,,,,IWP-BULK-01
A-1250,BULK.CMU.01,Steel lintel & joist weld — BULK grade — bay A1,WF-BULK-01,BULK,structural_welding_preheat,true,structural,2026-08-26T10:12:00-07:00,2026-08-27T07:24:00-07:00,7.2,0.72,CAL-6x10,4,54.2,ea,2026-08-26T10:12:00-07:00,2026-08-27T07:24:00-07:00,2026-12-31T11:48:00-07:00,2027-01-02T09:00:00-07:00,104.16,0.0,false,false,,,,IWP-BULK-01
A-1251,BULK.CMU.01,Roof deck & waterproofing — BULK grade — bay A1,WF-BULK-01,BULK,,false,architectural,2026-08-27T07:24:00-07:00,2026-08-29T15:42:00-07:00,28.3,2.83,CAL-6x10,6,,,2026-08-27T07:24:00-07:00,2026-08-29T15:42:00-07:00,2027-01-02T09:00:00-07:00,2027-01-06T07:18:00-07:00,104.16,0.0,false,false,,,,IWP-BULK-01
A-1252,BULK.CMU.01,Perimeter joint sealant — BULK grade — bay A1,WF-BULK-01,BULK,sealant_silicone_weatherseal,true,architectural,2026-09-02T09:42:00-07:00,2026-09-03T06:18:00-07:00,6.6,0.66,CAL-6x10,4,2155.6,lf,2026-09-02T09:42:00-07:00,2026-09-03T06:18:00-07:00,2027-01-08T11:18:00-07:00,2027-01-09T07:54:00-07:00,104.16,0.0,false,false,,,,IWP-BULK-01
A-1253,BULK.CMU.01,Interior fit-out — BULK grade — bay A1,WF-BULK-01,BULK,,false,architectural,2026-09-03T06:18:00-07:00,2026-09-09T11:48:00-07:00,45.5,4.55,CAL-6x10,6,,,2026-09-03T06:18:00-07:00,2026-09-09T11:48:00-07:00,2027-01-09T07:54:00-07:00,2027-01-14T13:24:00-07:00,104.16,104.16,false,false,,,,IWP-BULK-01
A-1254,BULK.CMU.02,Footing excavation — BULK grade — bay B1,WF-BULK-02,BULK,,false,sitework,2026-08-15T07:00:00-07:00,2026-08-17T13:54:00-07:00,16.9,1.69,CAL-6x10,4,,,2026-08-15T07:00:00-07:00,2026-08-17T13:54:00-07:00,2026-12-19T11:06:00-07:00,2026-12-22T08:00:00-07:00,105.41,0.0,false,false,,,,IWP-BULK-02
A-1255,BULK.CMU.02,Foundation pour — BULK grade — bay B1,WF-BULK-02,BULK,concrete_cip_hot_weather,true,structural,2026-08-17T13:54:00-07:00,2026-08-18T12:12:00-07:00,8.3,0.83,CAL-6x10,10,187.2,m3,2026-08-17T13:54:00-07:00,2026-08-18T12:12:00-07:00,2026-12-22T08:00:00-07:00,2026-12-23T06:18:00-07:00,105.41,0.0,false,false,,,,IWP-BULK-02
A-1256,BULK.CMU.02,CMU wall construction — BULK grade — bay B1,WF-BULK-02,BULK,masonry_cmu_hot_weather,true,architectural,2026-08-24T10:12:00-07:00,2026-08-25T08:42:00-07:00,8.5,0.85,CAL-6x10,8,901.4,m2,2026-08-24T10:12:00-07:00,2026-08-25T08:42:00-07:00,2026-12-30T14:18:00-07:00,2026-12-31T12:48:00-07:00,105.41,0.0,false,false,,,,IWP-BULK-02
A-1257,BULK.CMU.02,Bond beam & cell grouting — BULK grade — bay B1,WF-BULK-02,BULK,concrete_cip_hot_weather,true,structural,2026-08-25T08:42:00-07:00,2026-08-26T07:30:00-07:00,8.8,0.88,CAL-6x10,6,49.7,m3,2026-08-25T08:42:00-07:00,2026-08-26T07:30:00-07:00,2026-12-31T12:48:00-07:00,2027-01-02T11:36:00-07:00,105.41,0.0,false,false,,,,IWP-BULK-02
A-1258,BULK.CMU.02,Steel lintel & joist weld — BULK grade — bay B1,WF-BULK-02,BULK,structural_welding_preheat,true,structural,2026-08-26T07:30:00-07:00,2026-08-26T14:42:00-07:00,7.2,0.72,CAL-6x10,4,54.1,ea,2026-08-26T07:30:00-07:00,2026-08-26T14:42:00-07:00,2027-01-02T11:36:00-07:00,2027-01-04T08:48:00-07:00,105.41,0.0,false,false,,,,IWP-BULK-02
A-1259,BULK.CMU.02,Roof deck & waterproofing — BULK grade — bay B1,WF-BULK-02,BULK,,false,architectural,2026-08-26T14:42:00-07:00,2026-08-29T07:00:00-07:00,22.3,2.23,CAL-6x10,6,,,2026-08-26T14:42:00-07:00,2026-08-29T07:00:00-07:00,2027-01-04T08:48:00-07:00,2027-01-06T11:06:00-07:00,105.41,0.0,false,false,,,,IWP-BULK-02
A-1260,BULK.CMU.02,Perimeter joint sealant — BULK grade — bay B1,WF-BULK-02,BULK,sealant_silicone_weatherseal,true,architectural,2026-09-01T11:00:00-07:00,2026-09-02T08:36:00-07:00,7.6,0.76,CAL-6x10,4,2502.0,lf,2026-09-01T11:00:00-07:00,2026-09-02T08:36:00-07:00,2027-01-08T15:06:00-07:00,2027-01-09T12:42:00-07:00,105.41,0.0,false,false,,,,IWP-BULK-02
A-1261,BULK.CMU.02,Interior fit-out — BULK grade — bay B1,WF-BULK-02,BULK,,false,architectural,2026-09-02T08:36:00-07:00,2026-09-08T09:18:00-07:00,40.7,4.07,CAL-6x10,6,,,2026-09-02T08:36:00-07:00,2026-09-08T09:18:00-07:00,2027-01-09T12:42:00-07:00,2027-01-14T13:24:00-07:00,105.41,105.41,false,false,,,,IWP-BULK-02
A-1262,BULK.CMU.03,Footing excavation — BULK L2 — bay A2,WF-BULK-03,BULK,,false,sitework,2026-08-15T07:00:00-07:00,2026-08-17T10:18:00-07:00,13.3,1.33,CAL-6x10,4,,,2026-08-15T07:00:00-07:00,2026-08-17T10:18:00-07:00,2026-12-18T13:42:00-07:00,2026-12-21T07:00:00-07:00,104.67,0.0,false,false,,,,IWP-BULK-03
A-1263,BULK.CMU.03,Foundation pour — BULK L2 — bay A2,WF-BULK-03,BULK,concrete_cip_hot_weather,true,structural,2026-08-17T10:18:00-07:00,2026-08-18T08:30:00-07:00,8.2,0.82,CAL-6x10,10,184.4,m3,2026-08-17T10:18:00-07:00,2026-08-18T08:30:00-07:00,2026-12-21T07:00:00-07:00,2026-12-21T15:12:00-07:00,104.67,0.0,false,false,,,,IWP-BULK-03
A-1264,BULK.CMU.03,CMU wall construction — BULK L2 — bay A2,WF-BULK-03,BULK,masonry_cmu_hot_weather,true,architectural,2026-08-24T06:30:00-07:00,2026-08-25T06:36:00-07:00,10.1,1.01,CAL-6x10,8,1064.4,m2,2026-08-24T06:30:00-07:00,2026-08-25T06:36:00-07:00,2026-12-29T13:12:00-07:00,2026-12-30T13:18:00-07:00,104.67,0.0,false,false,,,,IWP-BULK-03
A-1265,BULK.CMU.03,Bond beam & cell grouting — BULK L2 — bay A2,WF-BULK-03,BULK,concrete_cip_hot_weather,true,structural,2026-08-25T06:36:00-07:00,2026-08-25T15:54:00-07:00,9.3,0.93,CAL-6x10,6,52.4,m3,2026-08-25T06:36:00-07:00,2026-08-25T15:54:00-07:00,2026-12-30T13:18:00-07:00,2026-12-31T12:36:00-07:00,104.67,0.0,false,false,,,,IWP-BULK-03
A-1266,BULK.CMU.03,Steel lintel & joist weld — BULK L2 — bay A2,WF-BULK-03,BULK,structural_welding_preheat,true,structural,2026-08-25T15:54:00-07:00,2026-08-26T13:00:00-07:00,7.1,0.71,CAL-6x10,4,53.1,ea,2026-08-25T15:54:00-07:00,2026-08-26T13:00:00-07:00,2026-12-31T12:36:00-07:00,2027-01-02T09:42:00-07:00,104.67,0.0,false,false,,,,IWP-BULK-03
A-1267,BULK.CMU.03,Roof deck & waterproofing — BULK L2 — bay A2,WF-BULK-03,BULK,,false,architectural,2026-08-26T13:00:00-07:00,2026-08-29T10:00:00-07:00,27.0,2.7,CAL-6x10,6,,,2026-08-26T13:00:00-07:00,2026-08-29T10:00:00-07:00,2027-01-02T09:42:00-07:00,2027-01-06T06:42:00-07:00,104.67,0.0,false,false,,,,IWP-BULK-03
A-1268,BULK.CMU.03,Perimeter joint sealant — BULK L2 — bay A2,WF-BULK-03,BULK,sealant_silicone_weatherseal,true,architectural,2026-09-01T14:00:00-07:00,2026-09-02T11:30:00-07:00,7.5,0.75,CAL-6x10,4,2471.6,lf,2026-09-01T14:00:00-07:00,2026-09-02T11:30:00-07:00,2027-01-08T10:42:00-07:00,2027-01-09T08:12:00-07:00,104.67,0.0,false,false,,,,IWP-BULK-03
A-1269,BULK.CMU.03,Interior fit-out — BULK L2 — bay A2,WF-BULK-03,BULK,,false,architectural,2026-09-02T11:30:00-07:00,2026-09-09T06:42:00-07:00,45.2,4.52,CAL-6x10,6,,,2026-09-02T11:30:00-07:00,2026-09-09T06:42:00-07:00,2027-01-09T08:12:00-07:00,2027-01-14T13:24:00-07:00,104.67,104.67,false,false,,,,IWP-BULK-03
A-1270,CHEM.CMU.01,Footing excavation — CHEM grade — bay A1,WF-CHEM-01,CHEM,,false,sitework,2026-08-14T12:00:00-07:00,2026-08-15T15:00:00-07:00,13.0,1.3,CAL-6x10,4,,,2026-08-14T12:00:00-07:00,2026-08-15T15:00:00-07:00,2026-12-21T08:06:00-07:00,2026-12-22T11:06:00-07:00,106.61,0.0,false,false,,,,IWP-CHEM-01
A-1271,CHEM.CMU.01,Foundation pour — CHEM grade — bay A1,WF-CHEM-01,CHEM,concrete_cip_hot_weather,true,structural,2026-08-15T15:00:00-07:00,2026-08-17T12:54:00-07:00,7.9,0.79,CAL-6x10,10,178.3,m3,2026-08-15T15:00:00-07:00,2026-08-17T12:54:00-07:00,2026-12-22T11:06:00-07:00,2026-12-23T09:00:00-07:00,106.61,0.0,false,false,,,,IWP-CHEM-01
A-1272,CHEM.CMU.01,CMU wall construction — CHEM grade — bay A1,WF-CHEM-01,CHEM,masonry_cmu_hot_weather,true,architectural,2026-08-22T10:54:00-07:00,2026-08-24T09:48:00-07:00,8.9,0.89,CAL-6x10,8,936.3,m2,2026-08-22T10:54:00-07:00,2026-08-24T09:48:00-07:00,2026-12-31T07:00:00-07:00,2026-12-31T15:54:00-07:00,106.61,0.0,false,false,,,,IWP-CHEM-01
A-1273,CHEM.CMU.01,Bond beam & cell grouting — CHEM grade — bay A1,WF-CHEM-01,CHEM,concrete_cip_hot_weather,true,structural,2026-08-24T09:48:00-07:00,2026-08-25T09:24:00-07:00,9.6,0.96,CAL-6x10,6,53.8,m3,2026-08-24T09:48:00-07:00,2026-08-25T09:24:00-07:00,2026-12-31T15:54:00-07:00,2027-01-02T15:30:00-07:00,106.61,0.0,false,false,,,,IWP-CHEM-01
A-1274,CHEM.CMU.01,Steel lintel & joist weld — CHEM grade — bay A1,WF-CHEM-01,CHEM,structural_welding_preheat,true,structural,2026-08-25T09:24:00-07:00,2026-08-26T07:06:00-07:00,7.7,0.77,CAL-6x10,4,57.5,ea,2026-08-25T09:24:00-07:00,2026-08-26T07:06:00-07:00,2027-01-02T15:30:00-07:00,2027-01-04T13:12:00-07:00,106.61,0.0,false,false,,,,IWP-CHEM-01
A-1275,CHEM.CMU.01,Roof deck & waterproofing — CHEM grade — bay A1,WF-CHEM-01,CHEM,,false,architectural,2026-08-26T07:06:00-07:00,2026-08-28T08:24:00-07:00,21.3,2.13,CAL-6x10,6,,,2026-08-26T07:06:00-07:00,2026-08-28T08:24:00-07:00,2027-01-04T13:12:00-07:00,2027-01-06T14:30:00-07:00,106.61,0.0,false,false,,,,IWP-CHEM-01
A-1276,CHEM.CMU.01,Perimeter joint sealant — CHEM grade — bay A1,WF-CHEM-01,CHEM,sealant_silicone_weatherseal,true,architectural,2026-08-31T12:24:00-07:00,2026-09-01T10:30:00-07:00,8.1,0.81,CAL-6x10,4,2651.0,lf,2026-08-31T12:24:00-07:00,2026-09-01T10:30:00-07:00,2027-01-09T08:30:00-07:00,2027-01-11T06:36:00-07:00,106.61,0.0,false,false,,,,IWP-CHEM-01
A-1277,CHEM.CMU.01,Interior fit-out — CHEM grade — bay A1,WF-CHEM-01,CHEM,,false,architectural,2026-09-01T10:30:00-07:00,2026-09-05T07:18:00-07:00,36.8,3.68,CAL-6x10,6,,,2026-09-01T10:30:00-07:00,2026-09-05T07:18:00-07:00,2027-01-11T06:36:00-07:00,2027-01-14T13:24:00-07:00,106.61,106.61,false,false,,,,IWP-CHEM-01
A-1278,CHEM.CMU.02,Footing excavation — CHEM grade — bay B1,WF-CHEM-02,CHEM,,false,sitework,2026-08-14T12:00:00-07:00,2026-08-15T15:00:00-07:00,13.0,1.3,CAL-6x10,4,,,2026-08-14T12:00:00-07:00,2026-08-15T15:00:00-07:00,2026-12-19T10:30:00-07:00,2026-12-21T13:30:00-07:00,105.85,0.0,false,false,,,,IWP-CHEM-02
A-1279,CHEM.CMU.02,Foundation pour — CHEM grade — bay B1,WF-CHEM-02,CHEM,concrete_cip_hot_weather,true,structural,2026-08-15T15:00:00-07:00,2026-08-17T14:06:00-07:00,9.1,0.91,CAL-6x10,10,205.8,m3,2026-08-15T15:00:00-07:00,2026-08-17T14:06:00-07:00,2026-12-21T13:30:00-07:00,2026-12-22T12:36:00-07:00,105.85,0.0,false,false,,,,IWP-CHEM-02
A-1280,CHEM.CMU.02,CMU wall construction — CHEM grade — bay B1,WF-CHEM-02,CHEM,masonry_cmu_hot_weather,true,architectural,2026-08-22T12:06:00-07:00,2026-08-24T12:00:00-07:00,9.9,0.99,CAL-6x10,8,1049.9,m2,2026-08-22T12:06:00-07:00,2026-08-24T12:00:00-07:00,2026-12-30T10:36:00-07:00,2026-12-31T10:30:00-07:00,105.85,0.0,false,false,,,,IWP-CHEM-02
A-1281,CHEM.CMU.02,Bond beam & cell grouting — CHEM grade — bay B1,WF-CHEM-02,CHEM,concrete_cip_hot_weather,true,structural,2026-08-24T12:00:00-07:00,2026-08-25T11:18:00-07:00,9.3,0.93,CAL-6x10,6,52.4,m3,2026-08-24T12:00:00-07:00,2026-08-25T11:18:00-07:00,2026-12-31T10:30:00-07:00,2027-01-02T09:48:00-07:00,105.85,0.0,false,false,,,,IWP-CHEM-02
A-1282,CHEM.CMU.02,Steel lintel & joist weld — CHEM grade — bay B1,WF-CHEM-02,CHEM,structural_welding_preheat,true,structural,2026-08-25T11:18:00-07:00,2026-08-26T10:24:00-07:00,9.1,0.91,CAL-6x10,4,68.2,ea,2026-08-25T11:18:00-07:00,2026-08-26T10:24:00-07:00,2027-01-02T09:48:00-07:00,2027-01-04T08:54:00-07:00,105.85,0.0,false,false,,,,IWP-CHEM-02
A-1283,CHEM.CMU.02,Roof deck & waterproofing — CHEM grade — bay B1,WF-CHEM-02,CHEM,,false,architectural,2026-08-26T10:24:00-07:00,2026-08-29T07:42:00-07:00,27.3,2.73,CAL-6x10,6,,,2026-08-26T10:24:00-07:00,2026-08-29T07:42:00-07:00,2027-01-04T08:54:00-07:00,2027-01-07T06:12:00-07:00,105.85,0.0,false,false,,,,IWP-CHEM-02
A-1284,CHEM.CMU.02,Perimeter joint sealant — CHEM grade — bay B1,WF-CHEM-02,CHEM,sealant_silicone_weatherseal,true,architectural,2026-09-01T11:42:00-07:00,2026-09-02T10:00:00-07:00,8.3,0.83,CAL-6x10,4,2728.4,lf,2026-09-01T11:42:00-07:00,2026-09-02T10:00:00-07:00,2027-01-09T10:12:00-07:00,2027-01-11T08:30:00-07:00,105.85,0.0,false,false,,,,IWP-CHEM-02
A-1285,CHEM.CMU.02,Interior fit-out — CHEM grade — bay B1,WF-CHEM-02,CHEM,,false,architectural,2026-09-02T10:00:00-07:00,2026-09-05T14:54:00-07:00,34.9,3.49,CAL-6x10,6,,,2026-09-02T10:00:00-07:00,2026-09-05T14:54:00-07:00,2027-01-11T08:30:00-07:00,2027-01-14T13:24:00-07:00,105.85,105.85,false,false,,,,IWP-CHEM-02
A-1286,CHEM.CMU.03,Footing excavation — CHEM L2 — bay A2,WF-CHEM-03,CHEM,,false,sitework,2026-08-18T06:00:00-07:00,2026-08-19T11:48:00-07:00,15.8,1.58,CAL-6x10,4,,,2026-08-18T06:00:00-07:00,2026-08-19T11:48:00-07:00,2026-12-19T06:54:00-07:00,2026-12-21T12:42:00-07:00,103.09,0.0,false,false,,,,IWP-CHEM-03
A-1287,CHEM.CMU.03,Foundation pour — CHEM L2 — bay A2,WF-CHEM-03,CHEM,concrete_cip_hot_weather,true,structural,2026-08-19T11:48:00-07:00,2026-08-20T09:48:00-07:00,8.0,0.8,CAL-6x10,10,179.2,m3,2026-08-19T11:48:00-07:00,2026-08-20T09:48:00-07:00,2026-12-21T12:42:00-07:00,2026-12-22T10:42:00-07:00,103.09,0.0,false,false,,,,IWP-CHEM-03
A-1288,CHEM.CMU.03,CMU wall construction — CHEM L2 — bay A2,WF-CHEM-03,CHEM,masonry_cmu_hot_weather,true,architectural,2026-08-26T07:48:00-07:00,2026-08-27T06:06:00-07:00,8.3,0.83,CAL-6x10,8,874.0,m2,2026-08-26T07:48:00-07:00,2026-08-27T06:06:00-07:00,2026-12-30T08:42:00-07:00,2026-12-31T07:00:00-07:00,103.09,0.0,false,false,,,,IWP-CHEM-03
A-1289,CHEM.CMU.03,Bond beam & cell grouting — CHEM L2 — bay A2,WF-CHEM-03,CHEM,concrete_cip_hot_weather,true,structural,2026-08-27T06:06:00-07:00,2026-08-27T15:42:00-07:00,9.6,0.96,CAL-6x10,6,53.8,m3,2026-08-27T06:06:00-07:00,2026-08-27T15:42:00-07:00,2026-12-31T07:00:00-07:00,2027-01-02T06:36:00-07:00,103.09,0.0,false,false,,,,IWP-CHEM-03
A-1290,CHEM.CMU.03,Steel lintel & joist weld — CHEM L2 — bay A2,WF-CHEM-03,CHEM,structural_welding_preheat,true,structural,2026-08-27T15:42:00-07:00,2026-08-28T14:48:00-07:00,9.1,0.91,CAL-6x10,4,68.0,ea,2026-08-27T15:42:00-07:00,2026-08-28T14:48:00-07:00,2027-01-02T06:36:00-07:00,2027-01-02T15:42:00-07:00,103.09,0.0,false,false,,,,IWP-CHEM-03
A-1291,CHEM.CMU.03,Roof deck & waterproofing — CHEM L2 — bay A2,WF-CHEM-03,CHEM,,false,architectural,2026-08-28T14:48:00-07:00,2026-09-01T06:24:00-07:00,21.6,2.16,CAL-6x10,6,,,2026-08-28T14:48:00-07:00,2026-09-01T06:24:00-07:00,2027-01-02T15:42:00-07:00,2027-01-06T07:18:00-07:00,103.09,0.0,false,false,,,,IWP-CHEM-03
A-1292,CHEM.CMU.03,Perimeter joint sealant — CHEM L2 — bay A2,WF-CHEM-03,CHEM,sealant_silicone_weatherseal,true,architectural,2026-09-03T10:24:00-07:00,2026-09-04T08:24:00-07:00,8.0,0.8,CAL-6x10,4,2638.3,lf,2026-09-03T10:24:00-07:00,2026-09-04T08:24:00-07:00,2027-01-08T11:18:00-07:00,2027-01-09T09:18:00-07:00,103.09,0.0,false,false,,,,IWP-CHEM-03
A-1293,CHEM.CMU.03,Interior fit-out — CHEM L2 — bay A2,WF-CHEM-03,CHEM,,false,architectural,2026-09-04T08:24:00-07:00,2026-09-10T12:30:00-07:00,44.1,4.41,CAL-6x10,6,,,2026-09-04T08:24:00-07:00,2026-09-10T12:30:00-07:00,2027-01-09T09:18:00-07:00,2027-01-14T13:24:00-07:00,103.09,103.09,false,false,,,,IWP-CHEM-03
A-1294,ADMIN.CMU.01,Footing excavation — ADMIN grade — bay A1,WF-ADMIN-01,ADMIN,,false,sitework,2027-02-12T12:00:00-07:00,2027-02-16T09:30:00-07:00,13.5,1.69,CAL-5x8,4,,,2027-02-12T12:00:00-07:00,2027-02-16T09:30:00-07:00,2027-04-01T13:42:00-07:00,2027-04-05T11:12:00-07:00,34.21,0.0,false,false,,,,IWP-ADMIN-01
A-1295,ADMIN.CMU.01,Foundation pour (cold weather protection) — ADMIN grade — bay A1,WF-ADMIN-01,ADMIN,concrete_cip_cold_weather,true,structural,2027-02-16T09:30:00-07:00,2027-02-17T09:00:00-07:00,7.5,0.94,CAL-5x8,10,168.0,m3,2027-02-16T09:30:00-07:00,2027-02-17T09:00:00-07:00,2027-04-05T11:12:00-07:00,2027-04-06T10:42:00-07:00,34.21,0.0,false,false,,,,IWP-ADMIN-01
A-1296,ADMIN.CMU.01,CMU wall construction — ADMIN grade — bay A1,WF-ADMIN-01,ADMIN,masonry_cmu_cold_weather,true,architectural,2027-02-25T09:00:00-07:00,2027-02-26T08:42:00-07:00,7.7,0.96,CAL-5x8,8,810.7,m2,2027-02-25T09:00:00-07:00,2027-02-26T08:42:00-07:00,2027-04-14T10:42:00-07:00,2027-04-15T10:24:00-07:00,34.21,0.0,false,false,,,,IWP-ADMIN-01
A-1297,ADMIN.CMU.01,Bond beam & cell grouting — ADMIN grade — bay A1,WF-ADMIN-01,ADMIN,concrete_cip_cold_weather,true,structural,2027-02-26T08:42:00-07:00,2027-03-01T08:54:00-07:00,8.2,1.02,CAL-5x8,6,45.9,m3,2027-02-26T08:42:00-07:00,2027-03-01T08:54:00-07:00,2027-04-15T10:24:00-07:00,2027-04-16T10:36:00-07:00,34.21,0.0,false,false,,,,IWP-ADMIN-01
A-1298,ADMIN.CMU.01,Steel lintel & joist weld — ADMIN grade — bay A1,WF-ADMIN-01,ADMIN,structural_welding_preheat,true,structural,2027-03-01T08:54:00-07:00,2027-03-02T10:30:00-07:00,9.6,1.2,CAL-5x8,4,71.7,ea,2027-03-01T08:54:00-07:00,2027-03-02T10:30:00-07:00,2027-04-16T10:36:00-07:00,2027-04-19T12:12:00-07:00,34.21,0.0,false,false,,,,IWP-ADMIN-01
A-1299,ADMIN.CMU.01,Roof deck & waterproofing — ADMIN grade — bay A1,WF-ADMIN-01,ADMIN,,false,architectural,2027-03-02T10:30:00-07:00,2027-03-05T10:36:00-07:00,24.1,3.01,CAL-5x8,6,,,2027-03-02T10:30:00-07:00,2027-03-05T10:36:00-07:00,2027-04-19T12:12:00-07:00,2027-04-22T12:18:00-07:00,34.21,0.0,false,false,,,,IWP-ADMIN-01
A-1300,ADMIN.CMU.01,Perimeter joint sealant — ADMIN grade — bay A1,WF-ADMIN-01,ADMIN,sealant_silicone_weatherseal,true,architectural,2027-03-10T10:36:00-07:00,2027-03-11T10:12:00-07:00,7.6,0.95,CAL-5x8,4,2506.0,lf,2027-03-10T10:36:00-07:00,2027-03-11T10:12:00-07:00,2027-04-27T12:18:00-07:00,2027-04-28T11:54:00-07:00,34.21,0.0,false,false,,,,IWP-ADMIN-01
A-1301,ADMIN.CMU.01,Interior fit-out — ADMIN grade — bay A1,WF-ADMIN-01,ADMIN,,false,architectural,2027-03-11T10:12:00-07:00,2027-03-18T12:42:00-07:00,42.5,5.31,CAL-5x8,6,,,2027-03-11T10:12:00-07:00,2027-03-18T12:42:00-07:00,2027-04-28T11:54:00-07:00,2027-05-05T14:24:00-07:00,34.21,34.21,false,false,,,,IWP-ADMIN-01
A-1302,ADMIN.CMU.02,Footing excavation — ADMIN grade — bay B1,WF-ADMIN-02,ADMIN,,false,sitework,2027-02-15T08:00:00-07:00,2027-02-16T13:36:00-07:00,13.6,1.7,CAL-5x8,4,,,2027-02-15T08:00:00-07:00,2027-02-16T13:36:00-07:00,2027-04-01T08:42:00-07:00,2027-04-02T14:18:00-07:00,33.09,0.0,false,false,,,,IWP-ADMIN-02
A-1303,ADMIN.CMU.02,Foundation pour (cold weather protection) — ADMIN grade — bay B1,WF-ADMIN-02,ADMIN,concrete_cip_cold_weather,true,structural,2027-02-16T13:36:00-07:00,2027-02-17T13:00:00-07:00,7.4,0.93,CAL-5x8,10,167.2,m3,2027-02-16T13:36:00-07:00,2027-02-17T13:00:00-07:00,2027-04-02T14:18:00-07:00,2027-04-05T13:42:00-07:00,33.09,0.0,false,false,,,,IWP-ADMIN-02
A-1304,ADMIN.CMU.02,CMU wall construction — ADMIN grade — bay B1,WF-ADMIN-02,ADMIN,masonry_cmu_cold_weather,true,architectural,2027-02-25T13:00:00-07:00,2027-02-26T14:06:00-07:00,9.1,1.14,CAL-5x8,8,962.8,m2,2027-02-25T13:00:00-07:00,2027-02-26T14:06:00-07:00,2027-04-13T13:42:00-07:00,2027-04-14T14:48:00-07:00,33.09,0.0,false,false,,,,IWP-ADMIN-02
A-1305,ADMIN.CMU.02,Bond beam & cell grouting — ADMIN grade — bay B1,WF-ADMIN-02,ADMIN,concrete_cip_cold_weather,true,structural,2027-02-26T14:06:00-07:00,2027-03-01T13:48:00-07:00,7.7,0.96,CAL-5x8,6,43.5,m3,2027-02-26T14:06:00-07:00,2027-03-01T13:48:00-07:00,2027-04-14T14:48:00-07:00,2027-04-15T14:30:00-07:00,33.09,0.0,false,false,,,,IWP-ADMIN-02
A-1306,ADMIN.CMU.02,Steel lintel & joist weld — ADMIN grade — bay B1,WF-ADMIN-02,ADMIN,structural_welding_preheat,true,structural,2027-03-01T13:48:00-07:00,2027-03-02T14:06:00-07:00,8.3,1.04,CAL-5x8,4,62.0,ea,2027-03-01T13:48:00-07:00,2027-03-02T14:06:00-07:00,2027-04-15T14:30:00-07:00,2027-04-16T14:48:00-07:00,33.09,0.0,false,false,,,,IWP-ADMIN-02
A-1307,ADMIN.CMU.02,Roof deck & waterproofing — ADMIN grade — bay B1,WF-ADMIN-02,ADMIN,,false,architectural,2027-03-02T14:06:00-07:00,2027-03-08T09:18:00-07:00,27.2,3.4,CAL-5x8,6,,,2027-03-02T14:06:00-07:00,2027-03-08T09:18:00-07:00,2027-04-16T14:48:00-07:00,2027-04-22T10:00:00-07:00,33.09,0.0,false,false,,,,IWP-ADMIN-02
A-1308,ADMIN.CMU.02,Perimeter joint sealant — ADMIN grade — bay B1,WF-ADMIN-02,ADMIN,sealant_silicone_weatherseal,true,architectural,2027-03-11T09:18:00-07:00,2027-03-12T08:06:00-07:00,6.8,0.85,CAL-5x8,4,2227.7,lf,2027-03-11T09:18:00-07:00,2027-03-12T08:06:00-07:00,2027-04-27T10:00:00-07:00,2027-04-28T08:48:00-07:00,33.09,0.0,false,false,,,,IWP-ADMIN-02
A-1309,ADMIN.CMU.02,Interior fit-out — ADMIN grade — bay B1,WF-ADMIN-02,ADMIN,,false,architectural,2027-03-12T08:06:00-07:00,2027-03-19T13:42:00-07:00,45.6,5.7,CAL-5x8,6,,,2027-03-12T08:06:00-07:00,2027-03-19T13:42:00-07:00,2027-04-28T08:48:00-07:00,2027-05-05T14:24:00-07:00,33.09,33.09,false,false,,,,IWP-ADMIN-02
A-1310,PARK.WAREHOUSE.01,Subgrade & vapour barrier — PARK grade — bay A1,WF-PARK-01,PARK,,false,sitework,2026-08-12T09:00:00-07:00,2026-08-14T08:24:00-07:00,19.4,1.94,CAL-6x10,5,,,2026-08-12T09:00:00-07:00,2026-08-14T08:24:00-07:00,2026-12-21T08:06:00-07:00,2026-12-23T07:30:00-07:00,108.91,0.0,false,false,,,,IWP-PARK-01
A-1311,PARK.WAREHOUSE.01,Slab on grade pour — PARK grade — bay A1,WF-PARK-01,PARK,concrete_cip_hot_weather,true,structural,2026-08-14T08:24:00-07:00,2026-08-15T06:36:00-07:00,8.2,0.82,CAL-6x10,12,431.4,m3,2026-08-14T08:24:00-07:00,2026-08-15T06:36:00-07:00,2026-12-23T07:30:00-07:00,2026-12-23T15:42:00-07:00,108.91,0.0,false,false,,,,IWP-PARK-01
A-1312,PARK.WAREHOUSE.01,Precast panel erection — PARK grade — bay A1,WF-PARK-01,PARK,,false,structural,2026-08-24T08:36:00-07:00,2026-08-27T11:06:00-07:00,32.5,3.25,CAL-6x10,8,,,2026-08-24T08:36:00-07:00,2026-08-27T11:06:00-07:00,2027-01-05T07:42:00-07:00,2027-01-08T10:12:00-07:00,108.91,0.0,false,false,,,,IWP-PARK-01
A-1313,PARK.WAREHOUSE.01,Connection weld — PARK grade — bay A1,WF-PARK-01,PARK,structural_welding_preheat,true,structural,2026-08-27T11:06:00-07:00,2026-08-28T08:30:00-07:00,7.4,0.74,CAL-6x10,4,128.7,ea,2026-08-27T11:06:00-07:00,2026-08-28T08:30:00-07:00,2027-01-08T10:12:00-07:00,2027-01-09T07:36:00-07:00,108.91,0.0,false,false,,,,IWP-PARK-01
A-1314,PARK.WAREHOUSE.01,Panel joint sealant — PARK grade — bay A1,WF-PARK-01,PARK,sealant_silicone_weatherseal,true,architectural,2026-08-28T08:30:00-07:00,2026-08-28T14:30:00-07:00,6.0,0.6,CAL-6x10,4,1538.1,lf,2026-08-28T08:30:00-07:00,2026-08-28T14:30:00-07:00,2027-01-09T07:36:00-07:00,2027-01-09T13:36:00-07:00,108.91,0.0,false,false,,,,IWP-PARK-01
A-1315,PARK.WAREHOUSE.01,Spray-applied fireproofing — PARK grade — bay A1,WF-PARK-01,PARK,sfrm_spray_applied_fireproofing,true,structural,2026-08-28T14:30:00-07:00,2026-08-29T15:12:00-07:00,10.7,1.07,CAL-6x10,6,2564.5,m2,2026-08-28T14:30:00-07:00,2026-08-29T15:12:00-07:00,2027-01-09T13:36:00-07:00,2027-01-11T14:18:00-07:00,108.91,0.0,false,false,,,,IWP-PARK-01
A-1316,PARK.WAREHOUSE.01,Interior floor marking — PARK grade — bay A1,WF-PARK-01,PARK,pavement_marking_waterborne,true,architectural,2026-09-02T09:12:00-07:00,2026-09-02T14:18:00-07:00,5.1,0.51,CAL-6x10,4,3272.6,lf,2026-09-02T09:12:00-07:00,2026-09-02T14:18:00-07:00,2027-01-14T08:18:00-07:00,2027-01-14T13:24:00-07:00,108.91,108.91,false,false,,,,IWP-PARK-01
A-1317,PARK.WAREHOUSE.02,Subgrade & vapour barrier — PARK grade — bay B1,WF-PARK-02,PARK,,false,sitework,2026-08-12T13:00:00-07:00,2026-08-14T14:00:00-07:00,21.0,2.1,CAL-6x10,5,,,2026-08-12T13:00:00-07:00,2026-08-14T14:00:00-07:00,2026-12-19T13:12:00-07:00,2026-12-22T14:12:00-07:00,108.02,0.0,false,false,,,,IWP-PARK-02
A-1318,PARK.WAREHOUSE.02,Slab on grade pour — PARK grade — bay B1,WF-PARK-02,PARK,concrete_cip_hot_weather,true,structural,2026-08-14T14:00:00-07:00,2026-08-15T10:54:00-07:00,6.9,0.69,CAL-6x10,12,360.3,m3,2026-08-14T14:00:00-07:00,2026-08-15T10:54:00-07:00,2026-12-22T14:12:00-07:00,2026-12-23T11:06:00-07:00,108.02,0.0,false,false,,,,IWP-PARK-02
A-1319,PARK.WAREHOUSE.02,Precast panel erection — PARK grade — bay B1,WF-PARK-02,PARK,,false,structural,2026-08-24T12:54:00-07:00,2026-08-28T08:12:00-07:00,35.3,3.53,CAL-6x10,8,,,2026-08-24T12:54:00-07:00,2026-08-28T08:12:00-07:00,2027-01-04T13:06:00-07:00,2027-01-08T08:24:00-07:00,108.02,0.0,false,false,,,,IWP-PARK-02
A-1320,PARK.WAREHOUSE.02,Connection weld — PARK grade — bay B1,WF-PARK-02,PARK,structural_welding_preheat,true,structural,2026-08-28T08:12:00-07:00,2026-08-29T06:18:00-07:00,8.1,0.81,CAL-6x10,4,141.9,ea,2026-08-28T08:12:00-07:00,2026-08-29T06:18:00-07:00,2027-01-08T08:24:00-07:00,2027-01-09T06:30:00-07:00,108.02,0.0,false,false,,,,IWP-PARK-02
A-1321,PARK.WAREHOUSE.02,Panel joint sealant — PARK grade — bay B1,WF-PARK-02,PARK,sealant_silicone_weatherseal,true,architectural,2026-08-29T06:18:00-07:00,2026-08-29T14:24:00-07:00,8.1,0.81,CAL-6x10,4,2073.4,lf,2026-08-29T06:18:00-07:00,2026-08-29T14:24:00-07:00,2027-01-09T06:30:00-07:00,2027-01-09T14:36:00-07:00,108.02,0.0,false,false,,,,IWP-PARK-02
A-1322,PARK.WAREHOUSE.02,Spray-applied fireproofing — PARK grade — bay B1,WF-PARK-02,PARK,sfrm_spray_applied_fireproofing,true,structural,2026-08-29T14:24:00-07:00,2026-08-31T14:48:00-07:00,10.4,1.04,CAL-6x10,6,2504.4,m2,2026-08-29T14:24:00-07:00,2026-08-31T14:48:00-07:00,2027-01-09T14:36:00-07:00,2027-01-11T15:00:00-07:00,108.02,0.0,false,false,,,Special inspector — SFRM thickness & density verification,IWP-PARK-02
A-1323,PARK.WAREHOUSE.02,Interior floor marking — PARK grade — bay B1,WF-PARK-02,PARK,pavement_marking_waterborne,true,architectural,2026-09-03T08:48:00-07:00,2026-09-03T13:12:00-07:00,4.4,0.44,CAL-6x10,4,2789.1,lf,2026-09-03T08:48:00-07:00,2026-09-03T13:12:00-07:00,2027-01-14T09:00:00-07:00,2027-01-14T13:24:00-07:00,108.02,108.02,false,false,,,,IWP-PARK-02
A-1324,ROAD.PAVING.01,Subgrade preparation — ROAD grade — bay A1,WF-ROAD-01,ROAD,,false,sitework,2026-12-28T07:00:00-07:00,2026-12-31T06:36:00-07:00,29.6,2.96,CAL-6x10,6,,,2026-12-28T07:00:00-07:00,2026-12-31T06:36:00-07:00,2026-12-28T07:00:00-07:00,2026-12-31T06:36:00-07:00,0.0,0.0,true,false,,,,IWP-ROAD-01
A-1325,ROAD.PAVING.01,Aggregate base course — ROAD grade — bay A1,WF-ROAD-01,ROAD,,false,sitework,2026-12-31T06:36:00-07:00,2027-01-04T08:42:00-07:00,22.1,2.21,CAL-6x10,6,,,2026-12-31T06:36:00-07:00,2027-01-04T08:42:00-07:00,2026-12-31T06:36:00-07:00,2027-01-04T08:42:00-07:00,0.0,0.0,true,false,,,,IWP-ROAD-01
A-1326,ROAD.PAVING.01,HMA base course — ROAD grade — bay A1,WF-ROAD-01,ROAD,hma_paving_surface_course,true,sitework,2027-01-04T08:42:00-07:00,2027-01-05T06:24:00-07:00,7.7,0.77,CAL-6x10,10,7341.0,m2,2027-01-04T08:42:00-07:00,2027-01-05T06:24:00-07:00,2027-01-04T08:42:00-07:00,2027-01-05T06:24:00-07:00,0.0,0.0,true,false,,,,IWP-ROAD-01
A-1327,ROAD.PAVING.01,HMA surface course — ROAD grade — bay A1,WF-ROAD-01,ROAD,hma_paving_surface_course,true,sitework,2027-01-07T10:24:00-07:00,2027-01-08T10:24:00-07:00,10.0,1.0,CAL-6x10,10,9525.9,m2,2027-01-07T10:24:00-07:00,2027-01-08T10:24:00-07:00,2027-01-07T10:24:00-07:00,2027-01-08T10:24:00-07:00,0.0,0.0,true,false,,,,IWP-ROAD-01
A-1328,ROAD.PAVING.01,Pavement marking & striping — ROAD grade — bay A1,WF-ROAD-01,ROAD,pavement_marking_waterborne,true,sitework,2027-01-14T08:24:00-07:00,2027-01-14T13:24:00-07:00,5.0,0.5,CAL-6x10,4,10938.4,lf,2027-01-14T08:24:00-07:00,2027-01-14T13:24:00-07:00,2027-01-14T08:24:00-07:00,2027-01-14T13:24:00-07:00,0.0,0.0,true,false,,,,IWP-ROAD-01
